# Data from Clarivate Analytics' Web of Science, retrieved 1 December 2018
# This file generated on 2018-12-05 11:28:19
item,id,year,title,AU,SO,DE
0,WOS:000350920200007,2015,Assessing the impacts of climate change and dams on floodplain inundation and wetland connectivity in the wet-dry tropics of northern Australia,"Karim, Fazlul|Dutta, Dushmanta|Marvanek, Steve|Petheram, Cuan|Ticehurst, Catherine|Lerata, Julien|Kim, Shaun|Yang, Ang",JOURNAL OF HYDROLOGY,connectivity|floods|hydrodynamic modelling|mike 21|modis|ecology
1,WOS:000375746800019,2016,Energy budget increases reduce mean streamflow more than snow-rain transitions: using integrated modeling to isolate climate change impacts on Rocky Mountain hydrology,"Foster, Lauren M.|Bearup, Lindsay A.|Molotch, Noah P.|Brooks, Paul D.|Maxwell, Reed M.",ENVIRONMENTAL RESEARCH LETTERS,rocky mountains|climate change|integrated modeling|snow to rain transitions|energy budget|hydrology|precipitation phase
2,WOS:000395853600001,2017,"Integrated modeling approach for optimal management of water, energy and food security nexus","Zhang, Xiaodong|Vesselinov, Velimir V.",ADVANCES IN WATER RESOURCES,water-energy-food nexus|socioeconomic demands|environmental impacts|modeling|optimal management|ghg emission control
3,WOS:000424994700002,2017,Spatial analysis and simulation tools for groundwater management: the FREEWAT platform,"Rossetto, Rudy|De Filippis, Giovanna|Borsi, Iacopo|Foglia, Laura|Cannata, Massimiliano|Criollo, Rotman|Vasquez-Sune, Enric",ACQUE SOTTERRANEE-ITALIAN JOURNAL OF GROUNDWATER,freewat|gis|open source|participatory approach|groundwater management
4,WOS:000402663400190,2016,PCGEOFIM - Integrated Modelling of Mining specific Groundwater Dynamics and Soil Water Budget,"Blankenburg, Rene|Brckner, Friedemann|Ceranski, Helena|Mansel, Holger|Drebenstedt, C|Paul, M",MINING MEETS WATER - CONFLICTS AND SOLUTIONS,pcgeofim|arcegmo|groundwater|soil water budget|coupled modeling
5,WOS:000383466900009,2016,Analysis and integrated modelling of groundwater infiltration to sewer networks,"Thorndahl, Soren|Balling, Jonas Dueholm|Larsen, Uffe Bay Bogh",HYDROLOGICAL PROCESSES,groundwater infiltration|sewer networks|integrated modelling
6,WOS:000404087400070,2017,Integrated Modeling of Survival Data from Multiple Stressor Ecotoxicology Experiments,"Proctor, Abigael H.|King, Catherine K.|Holan, Jessica R.|Wotherspoon, Simon J.",ENVIRONMENTAL SCIENCE & TECHNOLOGY,
7,WOS:000395354400003,2017,Integrating a street-canyon model with a regional Gaussian dispersion model for improved characterisation of near-road air pollution,"Fallah-Shorshani, Masoud|Shekarrizfard, Maryam|Hatzopoulou, Marianne",ATMOSPHERIC ENVIRONMENT,dispersion modelling|street canyon|gaussian model|hybrid model|sirane|calpuff|traffic emissions
8,WOS:000436600400015,2015,The character and causes of flash flood occurrence changes in mountainous small basins of Southern California under projected climatic change,"Modrick, Theresa M.|Georgakakos, Konstantine P.",JOURNAL OF HYDROLOGY-REGIONAL STUDIES,flash flooding|climate change|soil moisture|precipitation|distributed hydrologic modeling
9,WOS:000383298800020,2016,Designing and implementing a multi-core capable integrated urban drainage modelling Toolkit:Lessons from CityDrain3,"Burger, Gregor|Bach, Peter M.|Urich, Christian|Leonhardt, Gunther|Kleidorfer, Manfred|Rauch, Wolfgang",ADVANCES IN ENGINEERING SOFTWARE,integrated urban drainage|modelling|simulation framework|object-oriented design|multi-core|parallel computing
10,WOS:000347362900017,2015,Simple models for managing complex social-ecological systems: The Landscape Futures Analysis Tool (LFAT),"Summers, David M.|Bryan, Brett A.|Meyer, Wayne S.|Lyle, Greg|Wells, Sam|McLean, Josie|Moon, Travis|van Gaans, Greg|Siebentritt, Mark",ENVIRONMENTAL MODELLING & SOFTWARE,community-based natural resource management (nrm)|decision support system|ecosystem services|regional analysis|scenario|integrated assessment
11,WOS:000344737300019,2014,A field-scale long-term study on radionuclide transport through weathered granites at a site in southern China,"Yi, Shuping|Ma, Haiyi|Zheng, Chunmiao|Ren, Guocheng|Hu, Xueling",ENVIRONMENTAL EARTH SCIENCES,radionuclide transport|numerical flow modeling|field-scale solute transport model|disposal of lilw|environmental impact assessment
12,WOS:000357968600033,2014,Assessing the long-term evolution of water supply capacity: comparison of two Mediterranean catchments,"Fabre, J.|Collet, L.|Milano, M.|Ruelland, D.|Dezetter, A.|Ardoin-Bardin, S.|Servat, E.|Daniell, TM|VanLanen, HAJ|Demuth, S|Laaha, G|Servat, E|Mahe, G|Boyer, JF|Paturel, JM|Dezetter, A|Ruelland, D",HYDROLOGY IN A CHANGING WORLD: ENVIRONMENTAL AND HUMAN DIMENSIONS,integrated modelling|river ebro|river herault|water supply|water demand|water demand satisfaction
13,WOS:000353877000006,2015,Integrated assessment of the impact of climate and land use changes on groundwater quantity and quality in the Mancha Oriental system (Spain),"Pulido-Velazquez, M.|Pena-Haro, S.|Garcia-Prats, A.|Mocholi-Almudever, A. F.|Henriquez-Dole, L.|Macian-Sorribes, H.|Lopez-Nicolas, A.",HYDROLOGY AND EARTH SYSTEM SCIENCES,
14,WOS:000344920200010,2014,"Modeling integrated urban water systems in developing countries: case study of Port Vila, Vanuatu","Poustie, Michael S.|Deletic, Ana",AMBIO,developing countries|sustainable urban water management|simulation modeling|strategic infrastructure planning|scenario analysis
15,WOS:000382805800004,2016,"Setting the System Boundaries of ""Energy for Water"" for Integrated Modeling","Kyle, Page|Johnson, Nils|Davies, Evan|Bijl, David L.|Mouratiadou, Ioanna|Bevione, Michela|Drouet, Laurent|Fujimori, Shinichiro|Liu, Yaling|Hejazi, Mohamad",ENVIRONMENTAL SCIENCE & TECHNOLOGY,
16,WOS:000337555500001,2014,Modeling and evaluating the sustainability of smart solutions,"Hilty, Lorenz M.|Aebischer, Bernard|Rizzoli, Andrea E.",ENVIRONMENTAL MODELLING & SOFTWARE,
17,WOS:000329081100081,2014,"Assessment of rural livelihoods in South-West China based on environmental, economic, and social indicators","Herrmann, Sylvia|Fox, Jefferson M.",ECOLOGICAL INDICATORS,editorial|south-west china|rural livelihood|interdisciplinary research|integrated modeling
18,WOS:000373395500013,2016,Designing a Hydrological Real-Time System for Surface Water and Groundwater in Denmark with Engagement of Stakeholders,"He, Xin|Stisen, Simon|Wiese, Marianne B.|Henriksen, Hans Jorgen",WATER RESOURCES MANAGEMENT,real-time modeling|national hydrologicalmodel|integrated modeling|stakeholder engagement
19,WOS:000344436500006,2015,Evaluating acceptability of groundwater protection measures under different agricultural policies,"Giordano, Raffaele|D'Agostino, Daniela|Apollonio, Ciro|Scardigno, Alessandra|Pagano, Alessandro|Portoghese, Ivan|Lamaddalena, Nicola|Piccinni, Alberto F.|Vurro, Michele",AGRICULTURAL WATER MANAGEMENT,groundwater protection policy|cap reform|policies interaction|conflict assessment|bayesian belief network
20,WOS:000347776900017,2015,Stochastic Simulation and Management of an Over-Exploited Aquifer Using an Integrated Modeling System,"Sidiropoulos, P.|Mylopoulos, N.|Loukas, A.",WATER RESOURCES MANAGEMENT,overexploited aquifer|uncertainty analysis|stochastic|integrated simulation|restoration|water resources management
21,WOS:000423964400009,2017,"Integrated modelling with environmental parameters for aquatic system assessment: a case study on the Ghare-Bagh drainage, Iran","Sheykhi, Vahideh|Moore, Farid|Kavousi-Fard, Abdollah|Keshavarzi, Behnan|Bikineh, Elham",INTERNATIONAL JOURNAL OF RIVER BASIN MANAGEMENT,ghare-bagh drainage|mkhoa|spatial data analysis|swarm intelligence technique|toxic metal
22,WOS:000385595200002,2016,Contributing to the GEO Model Web implementation: A brokering service for business processes,"Santoro, Mattia|Nativi, Stefano|Mazzetti, Paolo",ENVIRONMENTAL MODELLING & SOFTWARE,business process|brokering|interoperability|geoss|model web
23,WOS:000342245600072,2014,Spatial distribution and accumulation of Hg in soil surrounding a Zn/Pb smelter,"Wu, Qingru|Wang, Shuxiao|Wang, Long|Liu, Fang|Lin, Che-Jen|Zhang, Lei|Wang, Fengyang",SCIENCE OF THE TOTAL ENVIRONMENT,hg emission|nonferrous metal smelters|soil contamination|integrated modeling
24,WOS:000393631400013,2017,Design and demonstration of a data model to integrate agent-based and field-based modelling,"de Bakker, Merijn P.|de Jong, Kor|Schmitz, Oliver|Kaissenberg, Derek",ENVIRONMENTAL MODELLING & SOFTWARE,agent-based modelling|field-based modelling|integrated modelling|data model|map algebra|modelling language
25,WOS:000341500600014,2014,Urban water system metabolism assessment using WaterMet(2) model,"Behzadian, K.|Kapelan, Z.|Venkatesh, G.|Brattebo, H.|Saegrov, S.|Rozos, E.|Makropoulos, C.|Ugarelli, R.|Milina, J.|Hem, L.|Brunone, B|Giustolisi, O|Ferrante, M|Laucelli, D|Meniconi, S|Berardi, L|Campisano, A","12TH INTERNATIONAL CONFERENCE ON COMPUTING AND CONTROL FOR THE WATER INDUSTRY, CCWI2013",urban water system|simulation|watermet(2)|performance|criteria|strategy|mcda
26,WOS:000438515500023,2017,Soil variables as auxiliary information in spatial prediction of shallow water table levels for estimating recovered water volume,"Santarosa, Lucas Vituri|Manzione, Rodrigo Lilla",RBRH-REVISTA BRASILEIRA DE RECURSOS HIDRICOS,data fusion|groundwater management|geostatistics|bauru aquifer system|groundwater recharge
27,WOS:000394635300039,2017,Future water availability in the largest freshwater Mediterranean lake is at great risk as evidenced from simulations with the SWAT model,"Bucak, Tuba|Trolle, Dennis|Andersen, Hans Estrup|Thodsen, Hans|Erdogan, Seyda|Levi, Eti E.|Filiz, Nur|Jeppesen, Erik|Beklioglu, Meryem",SCIENCE OF THE TOTAL ENVIRONMENT,epsilon-svr|climate change|water level|land use|drying out|outflow
28,WOS:000340483100020,2014,SURVEY ON INTEGRATED MODELLING APPLIED IN ENVIRONMENTAL ENGINEERING AND MANAGEMENT,"Matei, Ion Viorel|Ungureanu, Laura",ENVIRONMENTAL ENGINEERING AND MANAGEMENT JOURNAL,modeling|environmental decision making|optimization|environmental management
29,WOS:000371612600008,2016,"Study of the Climate Change Impacts on Water Quality in the Upstream Portion of the Cau River Basin, Vietnam","Ha Ngoc Hien, |Bui Huy Hoang, |Tran Thi Huong, |Tran Thanh Than, |Pham Thi Thu Ha, |Ta Dang Toan, |Nguyen Minh Son, ",ENVIRONMENTAL MODELING & ASSESSMENT,water quality modeling|climate change scenarios|integrated modeling system|runoff|pollution transport
30,WOS:000350942800014,2015,Global Research Alliance Modelling Platform (GRAMP): An open web platform for modelling greenhouse gas emissions from agro-ecosystems,"Yeluripati, Jagadeesh B.|del Prado, Agustin|Sanz-Cobena, Alberto|Rees, Robert M.|Li, Changsheng|Chadwick, Dave|Tilston, Emma|Topp, Cairistiona F. E.|Cardenas, Laura M.|Ingraham, Pete|Gilhespy, Sarah|Anthony, Steven|Vetter, Sylvia H.|Misselbrook, Tom|Salas, William|Smith, Pete",COMPUTERS AND ELECTRONICS IN AGRICULTURE,biogeochemical modelling|integrated modelling platform|unified modelling approach|climate change|ecosystems|greenhouse gas emissions
31,WOS:000373800600076,2016,Seven Food System Metrics of Sustainable Nutrition Security,"Gustafson, David|Gutman, Alona|Leet, Whitney|Drewnowski, Adam|Fanzo, Jessica|Ingram, John",SUSTAINABILITY,crop modeling|open data|sustainability|resilience|waste and loss|nutrition security|food security|climate change|integrated modeling|food safety|economic modeling
32,WOS:000364313100021,2015,"Towards A New Decision Support System for Design, Management and Operation of Wastewater Treatment Plants for the Reduction of Greenhouse Gases Emission","Caniani, Donatella|Esposito, Giovanni|Gori, Riccardo|Mannina, Giorgio",WATER,decision support system|wastewater treatment plants (wwtps) integrated modeling|greenhouse gas (ghg) emissions
33,WOS:000391414900054,2015,"Nutrient Management in the Lake Tai Basin, China -Application of Source Water Quantity and Quality Model to Dongshan Peninsula","Waters, D. K.|Jiao, F.|Chen, M. D.|Yang, J. D.|Pape, S.|Zhang, H. J.|Li, J.|Nash, D.|Hongqi, S|Xiangxin, L","PROCEEDINGS OF THE 5TH INTERNATIONAL YELLOW RIVER FORUM ON ENSURING WATER RIGHT OF THE RIVER'S DEMAND AND HEALTHY RIVER BASIN MAINTENANCE, VOL IV",water quality|catchment modelling|source
34,WOS:000374868700005,2016,"Role of Environmental Forcings on Fecal Contamination Behavior in a Small Intermittent Coastal Stream: Case Study of the Aljezur Coastal Stream, Portugal","Rodrigues, M.|Guerreiro, M.|David, L. M.|Oliveira, A.|Menaia, J.|Jacob, J.",JOURNAL OF ENVIRONMENTAL ENGINEERING,coastal environment|rivers and streams|bacteria|river flow|tidal currents|waves
35,WOS:000399133902032,2015,INTEGRATED MODELING OF CONFLICT AND ENERGY,"North, Michael J.|Murphy, John T.|Sydelko, Pam|Martinez-Moyano, Ignacio|Sallach, David L.|Macal, Charles M.",2015 WINTER SIMULATION CONFERENCE (WSC),
36,WOS:000394911200044,2017,Effects of initial aquifer conditions on economic benefits from groundwater conservation,"Foster, T.|Brozovic, N.|Butler, A. P.",WATER RESOURCES RESEARCH,groundwater|policy|well yield|economic|agriculture|irrigation
37,WOS:000357813400002,2015,Green Balance Software: An Integrated Model for Screening of CO2-EOR and CCS Projects,"Ghoodjani, E.|Bolouri, S. H.",ENERGY SOURCES PART A-RECOVERY UTILIZATION AND ENVIRONMENTAL EFFECTS,carbon capture and storage|co2 sequestration|enhanced oil recovery|integrated modeling
38,WOS:000370832200003,2016,Integrated modelling of water supply and water demand using the example of irrigation farming in Saxony,"Wagner, Michael|Seidel, Sabine J.|Werisch, Stefan|Barfus, Klemens|Schuetze, Niels",HYDROLOGIE UND WASSERBEWIRTSCHAFTUNG,climate change|crop growth modelling|irrigation|regionalisation|stochastic crop water production function
39,WOS:000397300200007,2017,Developing an Integrated Modeling Tool for River Water Quality Index Assessment,"Lai, Y. C.|Chien, C. C.|Yang, Z. H.|Surampalli, Rao Y.|Kao, C. M.",WATER ENVIRONMENT RESEARCH,ammonia|electric conductivity (ec)|river water quality|suspended solid (ss)|water quality index (wqi5)
40,WOS:000366134500001,2015,Valuing water quality tradeoffs at different spatial scales: An integrated approach using bilevel optimization,"Bostian, Moriah|Whittaker, Gerald|Barnhart, Brad|Faere, Rolf|Grosskopf, Shawna",WATER RESOURCES AND ECONOMICS,integrated modeling|nonpoint pollution|bilevel multiobjective optimization|tradeoff analysis|conservation targeting
41,WOS:000408784000031,2017,Reviewing Bayesian Networks potentials for climate change impacts assessment and management: A multi-risk perspective,"Sperotto, Anna|Molina, Jose-Luis|Torresan, Silvia|Critto, Andrea|Marcomini, Antonio",JOURNAL OF ENVIRONMENTAL MANAGEMENT,multiple stressors|climate change|probabilistic risk assessment|uncertainty|integrated modelling
42,WOS:000405592500002,2017,Representing water scarcity in future agricultural assessments,"Winter, Jonathan M.|Lopez, Jose R.|Ruane, Alex C.|Young, Charles A.|Scanlon, Bridget R.|Rosenzweig, Cynthia",ANTHROPOCENE,irrigated agriculture|crop model|hydrologic model|water resources management|climate change
43,WOS:000331463100006,2014,The experience of ISLANDS in deploying system dynamics modeling as an integrated policy tool,"Deenapanray, Prakash N. K.|Bassi, Andrea M.",NATURAL RESOURCES FORUM,system dynamics modeling|integrated policy planning|sustainable development|mauritius strategy|sids
44,WOS:000387449500011,2017,Innovative modeling framework for combined sewer overflows prediction,"Morales, Viviana M.|Mier, Jose M.|Garcia, Marcelo H.",URBAN WATER JOURNAL,cso|hydraulic of sewers|integrated modeling
45,WOS:000365051200011,2015,Retrieval of dust storm aerosols using an integrated Neural Network model,"Xiao, Fei|Wong, Man Sing|Lee, Kwon Ho|Campbell, James R.|Shea, Yu-kai",COMPUTERS & GEOSCIENCES,dust storms|integrated modeling|neural network|reverse absorption|satellite imagery|trajectory model
46,WOS:000365082400002,2015,Life-style services and yield from south-Swedish forests adaptively managed against the risk of wind damage: a simulation study,"Andersson, Mikael|Kellomaki, Seppo|Gardiner, Barry|Blennow, Kristina",REGIONAL ENVIRONMENTAL CHANGE,ecosystem service|cultural service|wind damage|life-style|climate change|forest
47,WOS:000346751700015,2014,A proposal for an integrated modelling framework to characterise habitat pattern,"Estreguil, Christine|de Rigo, Daniele|Caudullo, Giovanni",ENVIRONMENTAL MODELLING & SOFTWARE,spatial pattern|morphology|edge interface|connectivity|habitat reporting|correlation analysis
48,WOS:000337860300015,2014,"Integrated modeling approach for sustainable municipal energy system planning and management - A case study of Shenzhen, China","Zhou, Y.|Li, Y. P.|Huang, G. H.",JOURNAL OF CLEANER PRODUCTION,air pollution control|fuzzy programming|management|municipal energy system|policy analysis|uncertainty
49,WOS:000355026100014,2015,An integrated model-based approach to the risk assessment of pesticide drift from vineyards,"Pivato, Alberto|Barausse, Alberto|Zecchinato, Francesco|Palmeri, Luca|Raga, Roberto|Lavagnolo, Maria Cristina|Cossu, Raffaello",ATMOSPHERIC ENVIRONMENT,pesticide drift|inhalation risk analysis|calpuff|fugacity model
50,WOS:000358301200011,2015,Exploring scale-dependent ecohydrological responses in a large endorheic river basin through integrated surface water-groundwater modeling,"Tian, Yong|Zheng, Yi|Zheng, Chunmiao|Xiao, Honglang|Fan, Wenjie|Zou, Songbing|Wu, Bin|Yao, Yingying|Zhang, Aijing|Liu, Jie",WATER RESOURCES RESEARCH,
51,WOS:000363402800009,2015,"Discharge and water-depth estimates for ungauged rivers: Combining hydrologic, hydraulic, and inverse modeling with stage and water-area measurements from satellites","Liu, Ganming|Schwartz, Franklin W.|Tseng, Kuo-Hsin|Shum, C. K.",WATER RESOURCES RESEARCH,
52,WOS:000357742600009,2015,Quantitative assessment of groundwater controls across major US river basins using a multi-model regression algorithm,"Condon, Laura E.|Hering, Amanda S.|Maxwell, Reed M.",ADVANCES IN WATER RESOURCES,groundwater|integrated modeling|multi-model regression
53,WOS:000393777100028,2017,3D Layer-Integrated Modelling of Morphodynamic Processes Near River Regulated Structures,"Faghihirad, S.|Lin, B.|Falconer, R. A.",WATER RESOURCES MANAGEMENT,morphodynamics|numerical modelling|turbulent flows|regulated reservoirs|three-dimensional flow|physical modelling|laboratory studies
54,WOS:000346388700017,2014,Modelling the urban water cycle as an integrated part of the city: a review,"Urich, Christian|Rauch, Wolfgang",WATER SCIENCE AND TECHNOLOGY,agent-based modelling|decision-support tools|integrated modelling|urban development|urban water management|water infrastructure
55,WOS:000369528900076,2014,Tools for Energy Footprint Assessment in Urban Water Systems,"Baki, S.|Makropoulos, C.|Giustolisi, O|Brunone, B|Laucelli, D|Berardi, L|Campisano, A",16TH WATER DISTRIBUTION SYSTEM ANALYSIS CONFERENCE (WDSA2014): URBAN WATER HYDROINFORMATICS AND STRATEGIC PLANNING,energy footprint|energy recovery|intervention assessment|renewable energy generation|urban water systems|water supply|water-energy nexus
56,WOS:000332356300018,2014,MAS(2): an integrated modeling and simulation-based life cycle evaluation approach for sustainable manufacturing,"Lee, Ju Yeon|Kang, Hyoung Seok|Noh, Sang Do",JOURNAL OF CLEANER PRODUCTION,sustainable manufacturing|manufacturing sustainability|sustainability indicator|life cycle evaluation|modeling|simulation
57,WOS:000416793400102,2017,"Modelling Interactions between Land Use, Climate, and Hydrology along with Stakeholders' Negotiation for Water Resources Management","Farjad, Babak|Pooyandeh, Majeed|Gupta, Anil|Motamedi, Mohammad|Marceau, Danielle",SUSTAINABILITY,river basin management|integrated modelling system|land-use change|climate change|watershed modelling|hydrological modelling|socio-hydrology
58,WOS:000344387800005,2014,An Exploration of Scenarios to Support Sustainable Land Management Using Integrated Environmental Socio-economic Models,"Fleskens, L.|Nainggolan, D.|Stringer, L. C.",ENVIRONMENTAL MANAGEMENT,integrated modeling|scenario analysis|spatial cost benefit analysis|land degradation mitigation|decision-making
59,WOS:000396957400005,2017,Adaptation opportunities and constraints in coupled systems: Evidence from the US energy-water nexus,"Ernst, Kathleen M.|Preston, Benjamin L.",ENVIRONMENTAL SCIENCE & POLICY,climate change|energy|water|adaptation|decision-making|scale
60,WOS:000395001800001,2017,An Earth's Future Special Collection: Impacts of the coastal dynamics of sea level rise on low-gradient coastal landscapes,"Kidwell, David M.|Dietrich, J. Casey|Hagen, Scott C.|Medeiros, Stephen C.",EARTHS FUTURE,sea level rise|wetlands|tidal hydrodynamics|storm surge|gulf of mexico|sedimentation
61,WOS:000357968700058,2014,Marrying Hydrological Modelling and Integrated Assessment for the needs of Water Resource Management,"Croke, B. F. W.|Blakers, R. S.|El Sawah, S.|Fu, B.|Guillaume, J. H. A.|Kelly, R. A.|Patrick, M. J.|Ross, A.|Ticehurst, J.|Barthel, R.|Jakeman, A. J.|Castellarin, A|Ceola, S|Toth, E|Montanari, A","EVOLVING WATER RESOURCES SYSTEMS: UNDERSTANDING, PREDICTING AND MANAGING WATER-SOCIETY INTERACTIONS",integrated assessment|integrated modelling|hydrology|social science|interdisciplinary|water resource management|australia
62,WOS:000349505400017,2015,Ecosystem services and economic development in Austrian agricultural landscapes - The impact of policy and climate change scenarios on trade-offs and synergies,"Kirchner, Mathias|Schmidt, Johannes|Kindermann, Georg|Kulmer, Veronika|Mitter, Herrnine|Prettenthaler, Franz|Ruedisser, Johannes|Schauppenlehner, Thomas|Schoenhart, Martin|Strauss, Franziska|Tappeiner, Ulrike|Tasser, Erich|Schmid, Erwin",ECOLOGICAL ECONOMICS,agricultural ecosystem services|integrated modeling|policy impact analysis|regional climate change|macro-economic indicators|biodiversity and landscape metrics
63,WOS:000410853200004,2017,Integrated modeling of single port brine discharges into unstratified stagnant ambient,"Nikiforakis, I. K.|Stamou, A. I.|Christodoulou, G. C.",ENVIRONMENTAL FLUID MECHANICS,desalination|brine discharges|near-field models|far-field models|integrated models
64,WOS:000376805300029,2016,Integrated modelling approach for the evaluation of low emission zones,"Dias, Daniela|Tchepel, Oxana|Antunes, Antonio Pais",JOURNAL OF ENVIRONMENTAL MANAGEMENT,low emission zones|traffic-related air pollution|transportation modelling|emissions modelling|air quality modelling|impact evaluation
65,WOS:000358671900015,2015,Hydrological response to environment change in Himalayan watersheds: Assessment from integrated modeling approach,"Ahmad, Zulfiqar|Ashraf, Arshad|Zaheer, Muhammad|Bashir, Humaira",JOURNAL OF MOUNTAIN SCIENCE,hydrological modeling|deforestation|soan river|simly|khanpur watershed|land use
66,WOS:000405800600020,2017,Distributional impacts of climate change on basin communities: an integrated modeling approach,"Ponce, Roberto D.|Fernandez, Francisco|Stehr, Alejandra|Vasquez-Lavin, Felipe|Godoy-Faundez, Alex",REGIONAL ENVIRONMENTAL CHANGE,hydro-economic model|climate change|agriculture|irrigation|hydrology
67,WOS:000398996206068,2015,ASSESSING THE IMPLICATIONS FOR URBAN DRAINAGE INFRASTRUCTURE OF FUTURE SCENARIOS OF URBAN GROWTH WITH CELLULAR AUTOMATA,"Torres, Sanchez A.|Vojinovic, Z.|Mynett, A.|Medina, N.|Mynett, A",PROCEEDINGS OF THE 36TH IAHR WORLD CONGRESS,urban growth|land use change modeling|cellular automata|genetic algorithms
68,WOS:000334111600027,2014,Finite volume integrated surface- subsurface flow modeling on nonorthogonal grids,"An, Hyunuk|Yu, Soonyoung",WATER RESOURCES RESEARCH,surface|subsurface interaction|integrated modeling|finite volume model|coordinate transformation method|topographical effects
69,WOS:000345474800010,2014,Identifying the drivers of environmental risk through a model integrating substance flow and input-output analysis,"Chen, Pi-Cheng|Crawford-Brown, Douglas|Chang, Chi-Hui|Ma, Hwong-wen",ECOLOGICAL ECONOMICS,substance flow analysis|environmental risk assessment|input-output analysis
70,WOS:000212556300006,2015,"Cloud to coast: integrated assessment of environmental exposure, health impacts and risk perceptions of faecal organisms in coastal waters","Huang, Guoxian|Falconer, Roger A.|Boye, Brian A.|Lin, Binliang",INTERNATIONAL JOURNAL OF RIVER BASIN MANAGEMENT,cloud to coast (c2c)|faecal indicator organisms|river ribble|environmental exposure and health impacts|numerical modelling|quantitative microbial risk assessment (qmra)
71,WOS:000212559700004,2015,System dynamics and hydrodynamic modelling approaches for spatial and temporal analysis of flood risk,"Ahmad, Shohan S.|Simonovic, Slobodan P.",INTERNATIONAL JOURNAL OF RIVER BASIN MANAGEMENT,risk analysis|2d hydrodynamic model|system dynamics simulation|spatial and temporal uncertainty|3d fuzzy set|reliability index
72,WOS:000347313600015,2014,Technical Note: Reducing the spin-up time of integrated surface water-groundwater models,"Ajami, H.|Evans, J. P.|McCabe, M. F.|Stisen, S.",HYDROLOGY AND EARTH SYSTEM SCIENCES,
73,WOS:000410535400168,2015,Integrated modelling to aid strategic urban and regional planning,"Wickramasuriya, Rohan|Perez, Pascal|Huynh, Nam|Masouman, Ashkan|Barthelemy, Johan|Weber, T|McPhee, MJ|Anderssen, RS",21ST INTERNATIONAL CONGRESS ON MODELLING AND SIMULATION (MODSIM2015),urban planning|land use|transportation|input-output model|synthetic population
74,WOS:000343862400009,2014,A multi-storage groundwater concept for the SWAT model to emphasize nonlinear groundwater dynamics in lowland catchments,"Pfannerstill, Matthias|Guse, Bjoern|Fohrer, Nicola",HYDROLOGICAL PROCESSES,swat|groundwater modelling|multi-storage concept|low flows|lowland catchment
75,WOS:000331395900044,2014,Assessment of potential outburst floods from the Tsho Rolpa glacial lake in Nepal,"Shrestha, Badri Bhakta|Nakagawa, Hajime",NATURAL HAZARDS,integrated modeling system|the tsho rolpa glacial lake|moraine dam failure|seepage flow|water overtopping|possible threats|damages
76,WOS:000372199500011,2016,Impact of the ambient air quality due to the dispersion of non-methane organic compounds from Barka Landfill,"Abdul-Wahab, S. A.|Al-Hajri, A.|Yetilmezsoy, K.",INTERNATIONAL JOURNAL OF ENVIRONMENTAL SCIENCE AND TECHNOLOGY,calpuff|dispersion|landfill|modeling|non-methane organic compounds
77,WOS:000331346300005,2014,"Modeling soil erosion and river sediment yield for an intermountain drainage basin of the Central Apennines, Italy","Borrelli, Pasquale|Maerker, Michael|Panagos, Panos|Schuett, Brigitta",CATENA,soil erosion risk|rusle|turbidity unit index|landscape sensitivity|central italy
78,WOS:000345025000012,2014,Surface water quality and cropping systems sustainability under a changing climate in the Upper Mississippi River Basin,"Panagopoulos, Y.|Gassman, P. W.|Arritt, R. W.|Herzmann, D. E.|Campbell, T. D.|Jha, M. K.|Kling, C. L.|Srinivasan, R.|White, M.|Arnold, J. G.",JOURNAL OF SOIL AND WATER CONSERVATION,agricultural management scenarios|climate change|corn based systems|nonpoint pollution|soil and water assessment tool|upper mississippi river basin
79,WOS:000347595000014,2014,Critical multi-level governance issues of integrated modelling: An example of low-water management in the Adour-Garonne basin (France),"Mazzega, Pierre|Therond, Olivier|Debril, Thomas|March, Hug|Sibertin-Blanc, Christophe|Lardy, Romain|Sant'ana, Daniel",JOURNAL OF HYDROLOGY,multi-level governance|integrated modelling|collective choice arena|decision-making|scenario|low-water management
80,WOS:000333629200001,2014,Risk-Optimized Design of Production Systems by Use of GRAMOSA,"Luetjen, Michael|Alla, Abderrahim Ait",MATHEMATICAL PROBLEMS IN ENGINEERING,
81,WOS:000345407000018,2014,An integrated approach to conceptualise hydrological and socio-economic interaction for supporting management decisions of coupled groundwater-agricultural systems,"Subagadis, Yohannes Hagos|Grundmann, Jens|Schuetze, Niels|Schmitz, Gerd H.",ENVIRONMENTAL EARTH SCIENCES,bayesian network|simulation-optimisation|integrated management|decision support tool|groundwater|agriculture
82,WOS:000397029600004,2017,"Atmospheric Dispersion of PM2.5 Precursor Gases from Two Major Thermal Power Plants in Andhra Pradesh, India","Dodla, Venkata Bhaskar Rao|Gubbala, China Satyanarayana|Desamsetti, Srinivas",AEROSOL AND AIR QUALITY RESEARCH,particulate matter|dispersion|power plants|arw model|hysplit
83,WOS:000381212500005,2016,Global change impacts on the Upper Danube Catchment (Central Europe): a study of participatory modeling,"Barthel, Roland|Seidl, Roman|Nickel, Darla|Buettner, Hannah",REGIONAL ENVIRONMENTAL CHANGE,participatory modeling|global change|decision support|integrated modeling|regional scale|upper danube catchment|danubia|glowa-danube|water resources|water supply
84,WOS:000344783800012,2014,Fully integrated modeling of surface-subsurface solute transport and the effect of dispersion in tracer hydrograph separation,"Liggett, Jessica E.|Werner, Adrian D.|Smerdon, Brian D.|Partington, Daniel|Simmons, Craig T.",WATER RESOURCES RESEARCH,integrated modeling|solute transport|rainfall-runoff|dispersion|hydrograph separation
85,WOS:000387781500031,2016,"Data integration, reservoir response, and application","Will, Robert|Smith, Valerie|Lee, Don|Senel, Ozgur",INTERNATIONAL JOURNAL OF GREENHOUSE GAS CONTROL,microseismic|integration|modeling|prediction|simulation|geomechanicsa
86,WOS:000403512500017,2017,"Challenges of integrated modelling in mining regions to address social, environmental and economic impacts","Lechner, Alex M.|McIntyre, Neil|Witt, Katherine|Raymond, Christopher M.|Arnold, Sven|Scott, Margaretha|Rifldn, Will",ENVIRONMENTAL MODELLING & SOFTWARE,mining|resource extraction|integrative modelling|strategic environmental assessment|cumulative impacts|land use planning
87,WOS:000377856100009,2016,A hybrid model to simulate the annual runoff of the Kaidu River in northwest China,"Xu, Jianhua|Chen, Yaning|Bai, Ling|Xu, Yiwen",HYDROLOGY AND EARTH SYSTEM SCIENCES,
88,WOS:000333684400010,2014,A model for overland flow and associated processes within the Hydroinformatics Modelling System,"Simons, Franz|Busse, Tobias|Hou, Jingming|Oezgen, Ilhan|Hinkelmann, Reinhard",JOURNAL OF HYDROINFORMATICS,finite-volume method|integrated modelling|object-oriented programming|overland flow|rainfall-runoff simulation|two-dimensional shallow water equations
89,WOS:000410535400214,2015,A modelling framework for assessing water conservation potentials through demand-based tariff structures from societal and economic perspectives,"Sahin, O.|Beal, C.|Khan, S.|Kersting, A.|Dewe, J.|Weber, T|McPhee, MJ|Anderssen, RS",21ST INTERNATIONAL CONGRESS ON MODELLING AND SIMULATION (MODSIM2015),water conservation|demand-based tariff modelling|integrated modelling|system dynamics modelling|stakeholder engagement
90,WOS:000355010400002,2015,Chance-constrained overland flow modeling for improving conceptual distributed hydrologic simulations based on scaling representation of sub-daily rainfall variability,"Han, Jing-Cheng|Huang, Guohe|Huang, Yuefei|Zhang, Hua|Li, Zhong|Chen, Qiuwen",SCIENCE OF THE TOTAL ENVIRONMENT,rainfall intensity|surface runoff|scale|modeling efficiency|uncertainty|three gorges reservoir
91,WOS:000391006000031,2016,A framework of integrated hydrological and hydrodynamic models using synthetic rainfall for flash flood hazard mapping of ungauged catchments in tropical zones,"Lohpaisankrit, Worapong|Meon, Guenter|Tingsanchali, Tawatchai|Schumann, AH|Bloschl, G|Castellarin, A|Dietrich, J|Grimaldi, S|Haberlandt, U|Montanari, A|Rosbjerg, D|Viglione, A|Vorogushyn, S",SPATIAL DIMENSIONS OF WATER MANAGEMENT - REDISTRIBUTION OF BENEFITS AND RISKS,
92,WOS:000368869200012,2016,Nexus Tools Platform: Web-based comparison of modelling tools for analysis of water-soil-waste nexus,"Mannschatz, T.|Wolf, T.|Huelsmann, S.",ENVIRONMENTAL MODELLING & SOFTWARE,model tools repository|model inventory|integrated models|web -based service|decision support tool|interactive comparison|near real-time visualization
93,WOS:000348929800004,2015,On inclusion of water resource management in Earth system models - Part 2: Representation of water supply and allocation and opportunities for improved modeling,"Nazemi, A.|Wheater, H. S.",HYDROLOGY AND EARTH SYSTEM SCIENCES,
94,WOS:000344823500034,2014,Exploring critical pathways for urban water management to identify robust strategies under deep uncertainties,"Urich, Christian|Rauch, Wolfgang",WATER RESEARCH,deep uncertainties|integrated modelling|robust decision making|urban drainage|strategic planning|urban water management
95,WOS:000364248800017,2015,Modeling land-based nitrogen loads from groundwater-dominated agricultural watersheds to estuaries to inform nutrient reduction planning,"Jiang, Yefang|Nishimura, Peter|van den Heuvel, Michael R.|MacQuarrie, Kerry T. B.|Crane, Cindy S.|Xing, Zisheng|Raymond, Bruce G.|Thompson, Barry L.",JOURNAL OF HYDROLOGY,eutrophication|integrated modeling|potato|gis|leachn
96,WOS:000414369000007,2017,Towards a Pan-European Integrated Groundwater and Surface Water Model: Development and Applications,"Trichakis, I.|Burek, P.|de Roo, A.|Pistocchi, A.",ENVIRONMENTAL PROCESSES-AN INTERNATIONAL JOURNAL,integrated modelling|lisflood|modflow|europe|large scale
97,WOS:000364249500023,2015,An exploration of coupled surface-subsurface solute transport in a fully integrated catchment model,"Liggett, Jessica E.|Partington, Daniel|Frei, Sven|Werner, Adrian D.|Simmons, Craig T.|Fleckenstein, Jan H.",JOURNAL OF HYDROLOGY,solute transport|surface-subsurface coupling|integrated modelling|catchment modelling
98,WOS:000336700100029,2014,Impacts of climate change on farm income security in Central Asia: An integrated modeling approach,"Bobojonov, Ihtiyor|Aw-Hassan, Aden",AGRICULTURE ECOSYSTEMS & ENVIRONMENT,climate risk|uncertainty|drought|crop model|bio-economic model
99,WOS:000370900400015,2016,Long-term water quality in the lower Seine: Lessons learned over 4 decades of monitoring,"Romero, Estela|Le Gendre, Romain|Garnier, Josette|Billen, Gilles|Fisson, Cedric|Silvestre, Marie|Riou, Philippe",ENVIRONMENTAL SCIENCE & POLICY,seine river|water quality|nutrients|long-term trends|wfd|policy
100,WOS:000362291500264,2015,Error modeling and Sensitivity Analysis of 5-DOF Parallel Tripod Head,"Zhang, Dianfan|Hu, Jiang|Rong, Yu|Xiaoman, |Cheng, Shuhong|Liu, M|Zhang, ",PROCEEDINGS OF THE INTERNATIONAL CONFERENCE ON ADVANCES IN MECHANICAL ENGINEERING AND INDUSTRIAL INFORMATICS,parallel mechanism|kinematics|error modeling|sensitivity analysis
101,WOS:000369520100004,2016,Water Variability and the Economic Impacts on Small-Scale Farmers. A Farm Risk-Based Integrated Modelling Approach,"Fernandez, Francisco J.|Ponce, Roberto D.|Blanco, Maria|Rivera, Diego|Vasquez, Felipe",WATER RESOURCES MANAGEMENT,hydro-economic model|small-scale farmers|risk|water variability|climate change
102,WOS:000337654100014,2014,A distributed data component for the Open Modeling Interface,"Bulatewicz, T.|Andresen, D.|Auvenshine, S.|Peterson, J.|Steward, D. R.",ENVIRONMENTAL MODELLING & SOFTWARE,openmi|data management|web services|integrated modeling
103,WOS:000398964800136,2016,Research on the Figure Module Integration Technology in Communication Monitoring,"Li Wencui, |Li Xiong, |Zhang Chi, |Wu Lijie, |Shu Xinjian, |Tang Weixia, |Yu, J|Liu, Q",PROCEEDINGS OF THE 2016 4TH INTERNATIONAL CONFERENCE ON ELECTRICAL & ELECTRONICS ENGINEERING AND COMPUTER SCIENCE (ICEEECS 2016),interactive graphics sharing|figure module integration|comprehensive network|integrated monitoring
104,WOS:000340977000034,2014,Surface-groundwater interactions in hard rocks in Sardon Catchment of western Spain: An integrated modeling approach,"Hassan, S. M. Tanvir|Lubczynski, Maciek W.|Niswonger, Richard G.|Su, Zhongbo",JOURNAL OF HYDROLOGY,surface-groundwater interactions|hard rock aquifer|water balance|gsflow integrated hydrologic model|recharge|groundwater evapotranspiration
105,WOS:000414707500044,2017,An Integrated Modelling System to Predict Hydrological Processes under Climate and Land-Use/Cover Change Scenarios,"Farjad, Babak|Gupta, Anil|Razavi, Saman|Faramarzi, Monireh|Marceau, Danielle J.",WATER,hydrology|climate change|hydrological modeling|cellular automata|land-use change|mike she|mike 11
106,WOS:000329081100084,2014,Farm types as an interface between an agroeconomical model and CLUE-Naban land change model: Application for scenario modelling,"Gibreel, Tarig Mohammed|Herrmann, Sylvia|Berkhoff, Karin|Nuppenau, Ernst-August|Rinn, Alexandra",ECOLOGICAL INDICATORS,land use change scenario|clue-naban land-change model|gams|vfhm model|farm type cluster analysis|rubber|planning support|bau-scenario
107,WOS:000401689300010,2017,"Valuing investments in sustainable land management in the Upper Tana River basin, Kenya","Vogl, Adrian L.|Bryant, Benjamin P.|Hunink, Johannes E.|Wolny, Stacie|Apse, Colin|Droogers, Peter",JOURNAL OF ENVIRONMENTAL MANAGEMENT,water fund|integrated modelling|valuation|swat|rios|sustainable land management
108,WOS:000403712100043,2017,Effects of spatially distributed sectoral water management on the redistribution of water resources in an integrated water model,"Voisin, Nathalie|Hejazi, Mohamad I.|Leung, L. Ruby|Liu, Lu|Huang, Maoyi|Li, Hong-Yi|Tesfa, Teklu",WATER RESOURCES RESEARCH,earth system model|integrated assessment model|withdrawals and consumptive use|sectoral water management|groundwater|surface water allocation
109,WOS:000335274900005,2014,Coupled modelling of the effect of overpressure on water discharge in a tile drainage system,"Henine, H.|Nedelec, Y.|Ribstein, P.",JOURNAL OF HYDROLOGY,subsurface drainage|integrated modelling|pipe flow|flow interactions|water storage
110,WOS:000408076900015,2017,"A multi-scale integrated modeling framework to measure comprehensive impact of coastal reclamation activities in Yellow River estuary, China","Xu, Yan|Cai, Yanpeng|Sun, Tao|Tan, Qian",MARINE POLLUTION BULLETIN,modeling framework|coastal reclamation|dpsir|indicators system|yellow river estuary
111,WOS:000367276500011,2016,Nanoparticle scattering characterization and mechanistic modelling of UV-TiO2 photocatalytic reactors using computational fluid dynamics,"Turolla, Andrea|Santoro, Domenico|de Bruyn, John R.|Crapulli, Ferdinando|Antonelli, Manuela",WATER RESEARCH,advanced oxidation processes|cfd simulation|degradation kinetics|henyey-greenstein function|scattering phase function|titanium dioxide
112,WOS:000407448400010,2017,Simulation of water scarcity in a leap-forward developing arid region: a system dynamics model of Xinjiang Uygur Autonomous Region,"Dai, Shanshan|Li, Lanhai|Xu, Honggang",WATER POLICY,integrated modeling|leap-forward growth|sustainable water planning|system dynamics modeling|water balance|xinjiang
113,WOS:000345971600041,2015,"Impacts of urbanization on flooding of a coastal urban catchment: a case study of Mumbai City, India","Zope, P. E.|Eldho, T. I.|Jothiprakash, V.",NATURAL HAZARDS,urbanization|coastal urban catchment|land use-land cover change|flood plain modeling|flood hazard map
114,WOS:000348519300009,2014,A framework to resolve spatio-temporal misalignment in component-based modelling,"Schmitz, Oliver|Salvadore, Elga|Poelmans, Lien|van der Kwast, Johannes|Karssenberg, Derek",JOURNAL OF HYDROINFORMATICS,hydrology|integrated modelling|interdisciplinary modelling|land use change|python|spatio-temporal scaling
115,WOS:000393320400014,2017,novel integrated modelling framework to assess the impacts of climate and socio-economic drivers on land use and water quality,"Zessner, Matthias|Schoenhart, Martin|Parajka, Juraj|Trautvetter, Helene|Mitter, Hermine|Kirchner, Mathias|Hepp, Gerold|Blaschke, Alfred Paul|Strenn, Birgit|Schmid, Erwin",SCIENCE OF THE TOTAL ENVIRONMENT,agriculture|climate change|ecological water quality status|impact modelling|socio-economic drivers
116,WOS:000368207500057,2016,Impact of the addition of oil-based mud on carbon dioxide emissions in a cement plant,"Abdul-Wahab, Sabah A.|Al-Rawas, Ghazi A.|Ali, Sappurd|Al-Dhamri, Hilal",JOURNAL OF CLEANER PRODUCTION,carbon dioxide|cement plant|emission factors|oil-base mud|sustainability|sultanate of oman
117,WOS:000417085800001,2017,Twenty years of ecosystem services: How far have we come and how far do we still need to go?,"Costanza, Robert|de Groot, Rudolf|Braat, Leon|Kubiszewski, Ida|Fioramonti, Lorenzo|Sutton, Paul|Farber, Steve|Grasso, Monica",ECOSYSTEM SERVICES,
118,WOS:000388155000005,2016,"Consumptive Water Use from Electricity Generation in the Southwest under Alternative Climate, Technology, and Policy Futures","Talati, Shuchi|Zhai, Haibo|Kyle, G. Page|Morgan, M. Granger|Patel, Pralit|Liu, Lu",ENVIRONMENTAL SCIENCE & TECHNOLOGY,
119,WOS:000344763000005,2014,"Modeling Spatial Variations of Sea Level Rise and Corresponding Inundation Impacts: A Case Study for Florida, USA","Chang, Biao|Guan, Jiabao|Aral, Mustafa M.",WATER QUALITY EXPOSURE AND HEALTH,climate change|sea level rise|spatial variations|inundation assessment|geographic information system (gis)
120,WOS:000392480200059,2016,"Development and Assessment of the Physically-Based 2D/1D Model ""TRENOE"" for Urban Stormwater Quantity and Quality Modelling","Hong, Yi|Bonhomme, Celine|Chebbo, Ghassan",WATER,urban stormwater modelling|urban water quality|2d|1d modelling|physically-based model|spatially distributed model|trex model|canoe model|integrated modelling
121,WOS:000366798400013,2015,The Brazilian Cerrado: assessment of water and soil degradation in catchments under intensive agricultural use,"Hunke, Philip|Mueller, Eva Nora|Schroeder, Boris|Zeilhofer, Peter",ECOHYDROLOGY,cerrado|land degradation|ecosystem change|water quality|soil parameters|ecohydrology|land use change|mato grosso|pesticides|cash crops
122,WOS:000363261300011,2015,"Modeling for Policy Formulation: Causal Mapping, Scenario Generation, and Decision Evaluation","Larsson, Aron|Ibrahim, Osama|Tambouris, E|Panagiotopoulos, P|Saebo, O|Tarabanis, K|Wimmer, MA|Milano, M|Pardo, T","ELECTRONIC PARTICIPATION, EPART 2015",policy analysis|impact assessment|policy modelling|problem structuring|dynamic simulation|causal mapping|scenario planning|decision analysis
123,WOS:000341093600004,2014,Integrated modeling and simulation with in-line motion captures for automated ergonomic analysis in product lifecycle management,"Joung, Youn-Kyoung|Noh, Sang Do",CONCURRENT ENGINEERING-RESEARCH AND APPLICATIONS,ergonomics analysis|modeling and simulation|in-line motion capture|product lifecycle management
124,WOS:000369005400007,2016,Direct and indirect effects of climate and fishing on changes in coastal ecosystem services: a historical perspective from the North Sea,"Selim, Samiya A.|Blanchard, Julia L.|Bedford, Jacob|Webb, Thomas J.",REGIONAL ENVIRONMENTAL CHANGE,marine ecosystem services|historical ecology|path analysis|fisheries|climate change
125,WOS:000390743500008,2017,Evaluation of new farming technologies in Ethiopia using the Integrated Decision Support System (IDSS),"Clarke, Neville|Bizimana, Jean-Claude|Dile, Yihun|Worqlul, Abeyou|Osorio, Javier|Herbst, Brian|Richardson, James W.|Srinivasan, Raghavan|Gerik, Thomas J.|Williams, Jimmy|Jones, Charles A.|Jeong, Jaehak",AGRICULTURAL WATER MANAGEMENT,idss|swat|apex|farmsim|small-scale water management interventions|environmental sustainability
126,WOS:000423964400012,2017,"An integrated modelling framework for building a daily river system model for the Murray-Darling Basin, Australia","Yang, Ang|Dutta, Dushmanta|Vaze, Jai|Kim, Shaun|Podger, Geoff",INTERNATIONAL JOURNAL OF RIVER BASIN MANAGEMENT,river basin management|river system modelling|agent-based modelling|ewater source|murray-darling basin
127,WOS:000403434600004,2017,Impacts of surface and groundwater variability response to future climate change scenarios in a large Mediterranean watershed,"Gamvroudis, C.|Dokou, Z.|Nikolaidis, N. P.|Karatzas, G. P.",ENVIRONMENTAL EARTH SCIENCES,surface-groundwater interaction|swat|ptc|climate change|river desiccation|hydrologic drought
128,WOS:000419147303048,2017,Applicability of Vertically Integrated Models for Carbon Storage Modeling in Structured Heterogeneous Domains,"Bandilla, Karl W.|Guo, Bo|Celia, Michael A.|Dixon, T|Laloui, L|Twinning, S","13TH INTERNATIONAL CONFERENCE ON GREENHOUSE GAS CONTROL TECHNOLOGIES, GHGT-13",geologic carbon storage|vertically-integrated modeling|vertical heterogeneity
129,WOS:000389557100004,2016,"Assessing Urban Wastewater System Upgrades Using Integrated Modeling, Life Cycle Analysis, and Shadow Pricing","Hadjimichael, Antonia|Morera, Serni|Benedetti, Lorenzo|Flameling, Tony|Corominas, Lluis|Weijers, Stefan|Comas, Joaquim",ENVIRONMENTAL SCIENCE & TECHNOLOGY,
130,WOS:000334671600050,2014,An integrated modelling framework of catchment- scale ecohydrological processes: 2. The role of water subsidy by overland flow on vegetation dynamics in a semi- arid catchment,"Niu, Guo-Yue|Troch, Peter A.|Paniconi, Claudio|Scott, Russell L.|Durcik, Matej|Zeng, Xubin|Huxman, Travis|Goodrich, David|Pelletier, Jon",ECOHYDROLOGY,overland flow|re-infiltration|vegetation dynamics|semi-arid catchment
131,WOS:000383291700020,2016,Spatially explicit integrated modeling and economic valuation of climate driven land use change and its indirect effects,"Bateman, Ian|Agarwala, Matthew|Binner, Amy|Coombes, Emma|Day, Brett|Ferrini, Silvia|Fezzi, Carlo|Hutchins, Michael|Lovett, Andrew|Posen, Paulette",JOURNAL OF ENVIRONMENTAL MANAGEMENT,integrated models|land use|agriculture|climate change|water quality|recreation|economics|spatial analysis
132,WOS:000351978000016,2015,Assessing the cost-effectiveness of electric vehicles in European countries using integrated modeling,"Seixas, J.|Simoes, S.|Dias, L.|Kanudia, A.|Fortes, P.|Gargiulo, M.",ENERGY POLICY,electric vehicles|optimization|technology costs|co2 emissions|european countries
133,WOS:000339254500001,2014,3D Multiscale Integrated Modeling Approach of Complex Rock Mass Structures,"Li, Mingchao|Han, Yanqing|Wang, Gang|Yan, Fugen",MATHEMATICAL PROBLEMS IN ENGINEERING,
134,WOS:000334671600021,2014,An integrated modelling framework of catchment- scale ecohydrological processes: 1. Model description and tests over an energy- limited watershed,"Niu, Guo-Yue|Paniconi, Claudio|Troch, Peter A.|Scott, Russell L.|Durcik, Matej|Zeng, Xubin|Huxman, Travis|Goodrich, David C.",ECOHYDROLOGY,coupling|physically-based hydrological model|land surface model|ecohydrological model|snowmelt runoff
135,WOS:000347921100016,2014,An integrated modeling framework for exploring flow regime and water quality changes with increasing biofuel crop production in the US Corn Belt,"Yaeger, Mary A.|Housh, Mashor|Cai, Ximing|Sivapalan, Murugesu",WATER RESOURCES RESEARCH,
136,WOS:000361189800002,2015,Climatic and anthropogenic changes in Western Switzerland: Impacts on water stress,"Milano, Marianne|Reynard, Emmanuel|Koplin, Nina|Weingartner, Rolf",SCIENCE OF THE TOTAL ENVIRONMENT,climate scenarios|anthropogenic changes|water stress|regional overview|mountain environment|western switzerland
137,WOS:000352671500022,2015,Grid-wide subdaily hydrologic alteration under massive wind power penetration in Chile,"Haas, J.|Olivares, M. A.|Palma-Behnke, R.",JOURNAL OF ENVIRONMENTAL MANAGEMENT,subdaily hydrologic alteration|variable renewable energy|hydropeaking|wind power|hydrothermal coordination|reservoir operation
138,WOS:000366540600021,2015,"Conservation of northwest Atlantic harp seals: Past success, future uncertainty?","Hammill, Mike O.|Stenson, Garry B.|Doniol-Valcroze, Thomas|Mosnier, Arnaud",BIOLOGICAL CONSERVATION,harp seal|harvesting|integrated modeling|population dynamics|management|density-dependence|climate change
139,WOS:000378360600049,2016,Design and performance evaluation of a simplified dynamic model for combined sewer overflows in pumped sewer systems,"van Daal-Rombouts, Petra|Sun, Siao|Langeveld, Jeroen|Bertrand-Krajewski, Jean-Luc|Clemens, Francois",JOURNAL OF HYDROLOGY,calibration|conceptual models|full hydrodynamic models|integrated modelling|monitoring|urban drainage systems
140,WOS:000366034200092,2015,Petri Net Methodology for Optimisation of Heat Integration and Batch Process Scheduling,"Jia, Yang|Xiao, Wu|Ruan, Xuehua|He, Gaohong|Jia, Xiaoping|Varbanov, PS|Klemes, JJ|Alwi, SRW|Yong, JY|Liu, ","PRES15: PROCESS INTEGRATION, MODELLING AND OPTIMISATION FOR ENERGY SAVING AND POLLUTION REDUCTION",
141,WOS:000408356600021,2017,Integrated modelling of urban spatial development under uncertain climate futures: A case study in Hungary,"Li, Sen|Juhasz-Horvath, Linda|Pedde, Simona|Pinter, Laszlo|Rounsevell, Mark D. A.|Harrison, Paula A.",ENVIRONMENTAL MODELLING & SOFTWARE,integrated modelling|urban land cover change|population distribution|integrated socioeconomic and climate change scenarios|stakeholder|hungary
142,WOS:000347018100051,2014,An integrated modeling system for estimating glacier and snow melt driven streamflow from remote sensing and earth system data products in the Himalayas,"Brown, M. E.|Racoviteanu, A. E.|Tarboton, D. G.|Sen Gupta, A.|Nigro, J.|Policelli, F.|Habib, S.|Tokay, M.|Shrestha, M. S.|Bajracharya, S.|Hummel, P.|Gray, M.|Duda, P.|Zaitchik, B.|Mahat, V.|Artan, G.|Tokar, S.",JOURNAL OF HYDROLOGY,himalayas|glacier melt|energy balance|stream flow
143,WOS:000352205300016,2015,"Investigating the nexus of climate, energy, water, and land at decision-relevant scales: the Platform for Regional Integrated Modeling and Analysis (PRIMA)","Kraucunas, Ian|Clarke, Leon|Dirks, James|Hathaway, John|Hejazi, Mohamad|Hibbard, Kathy|Huang, Maoyi|Jin, Chunlian|Kintner-Meyer, Michael|van Dam, Kerstin Kleese|Leung, Ruby|Li, Hong-Yi|Moss, Richard|Peterson, Marty|Rice, Jennie|Scott, Michael|Thomson, Allison|Voisin, Nathalie|West, Tristram",CLIMATIC CHANGE,
144,WOS:000380624400004,2016,"Decoupling global environmental pressure and economic growth: scenarios for energy use, materials use and carbon emissions","Schandl, Heinz|Hatfield-Dodds, Steve|Wiedmann, Thomas|Geschke, Arne|Cai, Yiyong|West, James|Newth, David|Baynes, Tim|Lenzen, Manfred|Owen, Anne",JOURNAL OF CLEANER PRODUCTION,decoupling|economic development|material and energy use|carbon emissions|footprint|integrated modelling
145,WOS:000392425900016,2017,Robust decision making in data scarce contexts: addressing data and model limitations for infrastructure planning under transient climate change,"Shortridge, Julie|Guikema, Seth|Zaitchik, Ben",CLIMATIC CHANGE,
146,WOS:000331815100074,2014,SoilTrEC: a global initiative on critical zone research and integration,"Menon, Manoj|Rousseva, Svetla|Nikolaidis, Nikolaos P.|van Gaans, Pauline|Panagos, Panos|Souza, Danielle Maia|Ragnarsdottir, Kristin Vala|Lair, Georg J.|Weng, Liping|Bloem, Jaap|Kram, Pavel|Novak, Martin|Davidsdottir, Brynhildur|Gisladottir, Gudrun|Robinson, David A.|Reynolds, Brian|White, Tim|Lundin, Lars|Zhang, Bin|Duffy, Christopher|Bernasconi, Stefano M.|de Ruiter, Peter|Blum, Winfried E. H.|Banwart, Steven A.",ENVIRONMENTAL SCIENCE AND POLLUTION RESEARCH,critical zone|ecosystem services|soil processes|integrated modelling|thematic strategy
147,WOS:000374807600015,2016,Exploring temporal and functional synchronization in integrating models: A sensitivity analysis,"Belete, Getachew F.|Voinov, Alexey",COMPUTERS & GEOSCIENCES,time step|integration method|component|web service|predator-prey|sensitivity analysis
148,WOS:000346388700013,2014,Integrated hydraulic modelling of water supply and urban drainage networks for assessment of decentralized options,"Sitzenfrei, R.|Rauch, W.",WATER SCIENCE AND TECHNOLOGY,coupled model|hydraulic modelling|integrated modelling|low flow conditions|water reduction
149,WOS:000386949600028,2016,Integrated Modelling System with Uncertainty Analysis for Reservoir Water Quality Management in a Reclamation River Basin,"Ham, Jonghwa|Hong, Yoon-Seok Timothy",IRRIGATION AND DRAINAGE,uncertainty analysis|integrated modelling system|river basin management measure|treatment wetland|monte carlo simulation|glue
150,WOS:000365376400005,2016,GIS based integrated modelling framework for agricultural canal system simulation and management in Indo-Gangetic plains of India,"Srivastava, P. K.|Singh, Raj Mohan",AGRICULTURAL WATER MANAGEMENT,canal system simulation|gis|conjunctive use|groundwater management|indo-gangetic plain
151,WOS:000371488300016,2016,Alarming nutrient pollution of Chinese rivers as a result of agricultural transitions,"Strokal, Maryna|Ma, Lin|Bai, Zhaohai|Luan, Shengji|Kroeze, Carolien|Oenema, Oene|Velthof, Gerard|Zhang, Fusuo",ENVIRONMENTAL RESEARCH LETTERS,nutrient pollution|rivers|agricultural transitions|china|integrated modeling
152,WOS:000350310400005,2015,Integration of hydrologic and water allocation models in basin-scale water resources management considering crop pattern and climate change: Karkheh River Basin in Iran,"Vaghefi, S. Ashraf|Mousavi, S. J.|Abbaspour, K. C.|Srinivasan, R.|Arnold, J. R.",REGIONAL ENVIRONMENTAL CHANGE,hydrologic modeling|climate change adaptation|swat|modsim
153,WOS:000331776000005,2014,Integrated modelling of faecal contamination in a densely populated river-sea continuum (Scheldt River and Estuary),"de Brauwere, Anouk|Gourgue, Olivier|de Brye, Benjamin|Servais, Pierre|Ouattara, Nouho Koffi|Deleersnijder, Eric",SCIENCE OF THE TOTAL ENVIRONMENT,microbiological water quality|escherichia coli|modelling|tidal rivers|scheldt estuary|slim
154,WOS:000350920200013,2015,Quantifying changes in age distributions and the hydrologic balance of a high-mountain watershed from climate induced variations in recharge,"Engdahl, Nicholas B.|Maxwell, Reed M.",JOURNAL OF HYDROLOGY,integrated modeling|residence time|age distributions|particle tracking
155,WOS:000361189800063,2015,Water supply sustainability and adaptation strategies under anthropogenic and climatic changes of a meso-scale Mediterranean catchment,"Collet, Lila|Ruelland, Denis|Estupina, Valerie Borrell|Dezetter, Alain|Servat, Eric",SCIENCE OF THE TOTAL ENVIRONMENT,climate variability|integrated modelling|prospective scenarios|river herault|sustainability indicators|water uses
156,WOS:000347362900014,2015,Modeling surface water-groundwater interaction in arid and semi-arid regions with intensive agriculture,"Tian, Yong|Zheng, Yi|Wu, Bin|Wu, Xin|Liu, Jie|Zheng, Chunmiao",ENVIRONMENTAL MODELLING & SOFTWARE,surface water-groundwater interaction|integrated modeling|gsflow|swmm|heihe river basin
157,WOS:000357345300008,2015,Quantification of Climate Change Impact on Regional Agricultural Irrigation and Groundwater Demand,"Kreins, Peter|Henseler, Martin|Anter, Jano|Herrmann, Frank|Wendland, Frank",WATER RESOURCES MANAGEMENT,climate change|irrigation|groundwater|integrated modelling|regional modelling|agricultural production
158,WOS:000346388700020,2014,Uncertainty and urban water recharge for managing groundwater availability using decision support,"Passarello, M. C.|Pierce, S. A.|Sharp, J. M.",WATER SCIENCE AND TECHNOLOGY,decision support|groundwater availability|integrated assessment|sustainable yield|uncertainty|urban recharge
159,WOS:000344436100011,2014,Atmospheric pathway: A possibility of continuous outbreaks of foot-and-mouth disease in South Korea in 2010-2011,"Kritana, Prueksakorn|Taehyeung, Kim|Hyeontae, Kim|Youn, Kim Ki|Wongeun, Son",COMPUTERS AND ELECTRONICS IN AGRICULTURE,airborne transmission|atmospheric dispersion model|foot-and-mouth disease virus|infection|livestock disease control|mobile application
160,WOS:000328180000020,2014,Estimating the potential for expanding smallholder irrigation in Sub-Saharan Africa,"Xie, Hua|You, Liangzhi|Wielgosz, Benjamin|Ringler, Claudia",AGRICULTURAL WATER MANAGEMENT,agricultural development|integrated assessment|environmental suitability|economic returns
161,WOS:000341597600011,2014,A comparison of three simple approaches to identify critical areas for runoff and dissolved reactive phosphorus losses,"Hahn, C.|Prasuhn, V.|Stamm, C.|Milledge, D. G.|Schulin, R.",HYDROLOGY AND EARTH SYSTEM SCIENCES,
162,WOS:000367856800001,2016,Groundwater and Surface Water Interaction at the Regional-scale - A Review with Focus on Regional Integrated Models,"Barthel, Roland|Banzhaf, Stefan",WATER RESOURCES MANAGEMENT,groundwater-surface water interaction|regional scale|catchment scale|integrated modelling|model coupling
163,WOS:000387985900005,2016,"In light of seasonal climatic and anthropogenic changes, is the Vaud canton (Switzerland) vulnerable to water stress by the medium-term?","Milano, Marianne|Reynard, Emmanuel|Bosshard, Nina|Weingartner, Rolf",HOUILLE BLANCHE-REVUE INTERNATIONALE DE L EAU,integrated modeling|water resources|water needs|climate change|anthropogenic changes|2060 horizon|water stress|vaud canton
164,WOS:000338517600002,2014,Integrated Traffic and Emission Simulation: a Model Calibration Approach Using Aggregate Information,"Ma, Xiaoliang|Huang, Zhen|Koutsopoulos, Haris",ENVIRONMENTAL MODELING & ASSESSMENT,vehicle emission|traffic pollution|integrated modeling|emission models|model calibration|spsa|traffic simulation
165,WOS:000334069100015,2014,The Societal Costs and Benefits of Commuter Bicycling: Simulating the Effects of Specific Policies Using System Dynamics Modeling,"Macmillan, Alexandra|Connor, Jennie|Witten, Karen|Kearns, Robin|Rees, David|Woodward, Alistair",ENVIRONMENTAL HEALTH PERSPECTIVES,
166,WOS:000396741400001,2017,Can integrative catchment management mitigate future water quality issues caused by climate change and socio-economic development?,"Honti, Mark|Schuwirth, Nele|Rieckermann, Jorg|Stamm, Christian",HYDROLOGY AND EARTH SYSTEM SCIENCES,
167,WOS:000354733500017,2015,Optimizing water resources management in large river basins with integrated surface water-groundwater modeling: A surrogate-based approach,"Wu, Bin|Zheng, Yi|Wu, Xin|Tian, Yong|Han, Feng|Liu, Jie|Zheng, Chunmiao",WATER RESOURCES RESEARCH,integrated surface water-groundwater modeling|surrogate modeling|water resources management|optimization|heihe river basin|gsflow
168,WOS:000364613200034,2016,Non-hazardous pesticide concentrations in surface waters: An integrated approach simulating application thresholds and resulting farm income effects,"Bannwarth, M. A.|Grovermann, C.|Schreinemachers, P.|Ingwersen, J.|Lamers, M.|Berger, T.|Streck, T.",JOURNAL OF ENVIRONMENTAL MANAGEMENT,swat|mpmas|thailand|environment eco-toxicological threshold|impact assessment|multi-agent system
169,WOS:000388624500017,2016,"Use of continuous simulation model (COSIMAT) as a complementary tool to model sewer systems: a case study on the Paruck collector, Brussels, Belgium","Nkiaka, E.|Shrestha, N. K.|Leta, O. T.|Bauwens, W.",WATER AND ENVIRONMENT JOURNAL,brussels|combined sewerage system|cosimat|swmm
170,WOS:000391142300001,2016,Processes and Modeling of Initial Soil and Landscape Development: A Review,"Maurer, Thomas|Gerke, Horst H.",VADOSE ZONE JOURNAL,
171,WOS:000369420900014,2015,Integrated modelling of protein crop production responses to climate change and agricultural policy scenarios in Austria,"Mitter, Hermine|Schmid, Erwin|Sinabell, Franz",CLIMATE RESEARCH,climate change impact|adaptation|soybean|epic|common agricultural policy|land use
172,WOS:000405298500004,2017,Atmospheric dispersion modeling of CO2 emissions from a cement plant's sources,"Abdul-Wahab, Sabah|Al-Rawas, Ghazi|Ali, Sappurd|Fadlallah, Sulaiman|Al-Dhamri, Hilal",CLEAN TECHNOLOGIES AND ENVIRONMENTAL POLICY,calpuff|wrf|carbon dioxide|cement plant|emission factors
173,WOS:000383466900002,2016,Hydrogeological response to climate change in alpine hillslopes,"Markovich, Katherine H.|Maxwell, Reed M.|Fogg, Graham E.",HYDROLOGICAL PROCESSES,hydrogeology|climate change|integrated modelling|snowmelt dominated
174,WOS:000385595800008,2016,Applications of Bayesian belief networks in water resource management: A systematic review,"Phan, Thuc D.|Smart, James C. R.|Capon, Samantha J.|Hadwen, Wade L.|Sahin, Oz",ENVIRONMENTAL MODELLING & SOFTWARE,bayesian belief networks|climate change|dynamically complex system|integrated modelling framework|spatial geographic distributions
175,WOS:000387424200003,2016,Bayesian analysis of Jolly-Seber type models,"Matechou, Eleni|Nicholls, Geoff K.|Morgan, Byron J. T.|Collazo, Jaime A.|Lyons, James E.",ENVIRONMENTAL AND ECOLOGICAL STATISTICS,capture-recapture-resight data sets|integrated modelling|mixture models|reversible jump|semipalmated sandpipers|stopover data
176,WOS:000415779700034,2017,Linking energy and transport models to support policy making,"Gerboni, Raffaella|Grosso, Daniele|Carpignano, Andrea|Chiara, Bruno Dalla",ENERGY POLICY,energy modelling|transport modelling|energy consumption|travel distances|modal shift|optimisation
177,WOS:000329344100005,2014,Realising the benefits of integrated urban drainage models,"Digman, Christopher J.|Anderson, Nicholas|Rhodes, Gwen|Balmforth, David J.|Kenney, Stephen",PROCEEDINGS OF THE INSTITUTION OF CIVIL ENGINEERS-WATER MANAGEMENT,floods & floodworks|risk & probability analysis|sewers & drains
178,WOS:000349429800010,2015,"Modelling chain for the effect of road traffic on air and water quality: Techniques, current status and future prospects","Shorshani, Masoud Fallah|Andre, Michel|Bonhomme, Celine|Seigneur, Christian",ENVIRONMENTAL MODELLING & SOFTWARE,integrated modelling|traffic|emission|air pollution|water pollution
179,WOS:000332267300008,2014,A critical review of integrated urban water modelling Urban drainage and beyond,"Bach, Peter M.|Rauch, Wolfgang|Mikkelsen, Peter S.|McCarthy, David T.|Deletic, Ana",ENVIRONMENTAL MODELLING & SOFTWARE,decision support|integrated urban water management (iuwm)|inter-disciplinary modelling|model integration|uncertainty|urban water systems
180,WOS:000403811200075,2017,"EVALUATION OF CLIMATE CHANGE IMPACTS ON HYDROLOGICAL PROCESSES IN THE YANGTZE RIVER DELTA REGION, CHINA","Liu, L.|Li, R.|Wang, Y. Z.",APPLIED ECOLOGY AND ENVIRONMENTAL RESEARCH,water cycle|distributed hydrological model|downscaling|flood|water resources|extreme events
181,WOS:000334438200041,2014,From Eutrophic to Mesotrophic: Modelling Watershed Management Scenarios to Change the Trophic Status of a Reservoir,"Mateus, Marcos|Almeida, Carina|Brito, David|Neves, Ramiro",INTERNATIONAL JOURNAL OF ENVIRONMENTAL RESEARCH AND PUBLIC HEALTH,watershed modelling and management|pollution load reduction|eutrophication|water environmental capacity|land use|water resources management|ce-qual-w2 model|swat model
182,WOS:000403644700005,2017,Realizing modelling outcomes: A synthesis of success factors and their use in a retrospective analysis of 15 Australian water resource projects,"Merritt, W. S.|Fu, B.|Ticehurst, J. L.|El Sawah, S.|Vigiak, O.|Roberts, A. M.|Dyer, F.|Pollino, C. A.|Guillaume, J. H. A.|Croke, B. F. W.|Jakeman, A. J.",ENVIRONMENTAL MODELLING & SOFTWARE,decision support|evaluation|water resources|stakeholders|social learning|integrated modelling
183,WOS:000352789900015,2015,A MODELING SYSTEM TO ASSESS LAND COVER LAND USE CHANGE EFFECTS ON SAV HABITAT IN THE MOBILE BAY ESTUARY,"Estes, Maurice G.|Al-Hamdan, Mohammad Z.|Ellis, Jean T.|Judd, Chaeli|Woodruff, Dana|Thom, Ronald M.|Quattrochi, Dale|Watson, Brian|Rodriguez, Hugo|Johnson, Hoyt|Herder, Tom",JOURNAL OF THE AMERICAN WATER RESOURCES ASSOCIATION,land use|hydrologic|aquatic|ecosystem|modeling|mobile bay|gulf of mexico
184,WOS:000408356600014,2017,"Integrating atmospheric deposition, soil erosion and sewer transport models to assess the transfer of traffic-related pollutants in urban areas","Hong, Yi|Bonhomme, Celine|Van den Bout, Bastian|Jetten, Victor|Chebbo, Ghassan",ENVIRONMENTAL MODELLING & SOFTWARE,integrated modelling|traffic-related pollutants|spatially-distributed modelling|openlisem|swmm|urban stormwater
185,WOS:000388248400042,2016,Water security assessment using blue and green water footprint concepts,"Veettil, Anoop Valiya|Mishra, Ashok K.",JOURNAL OF HYDROLOGY,water scarcity|water vulnerability|blue water|green water|swat
186,WOS:000333684400009,2014,Modelling Escherichia coli dynamics in the river Zenne (Belgium) using an OpenMI based integrated model,"Shrestha, Narayan Kumar|Leta, Olkeba Tolessa|De Fraine, Bruno|Garcia-Armisen, Tamara|Ouattara, Nouho Koffi|Servais, Pierre|van Griensven, Ann|Bauwens, Willy",JOURNAL OF HYDROINFORMATICS,e. coli|integrated modelling|openmi|river zenne|wfd
187,WOS:000381169400043,2016,Integrated hydrologic modeling as a key for sustainable urban water resources planning,"Eshtawi, Tamer|Evers, Mariele|Tischbein, Bernhard|Diekkrueger, Bernd",WATER RESEARCH,urban water system|groundwater deterioration|integrated modeling|sustainability|solute transport|non-conventional water resources
188,WOS:000406177500016,2017,Modeling land suitability for Coffea arabica L. in Central America,"Estrada, Leonel Lara|Rasche, Livia|Schneider, Uwe A.",ENVIRONMENTAL MODELLING & SOFTWARE,land evaluation|ecological modeling|suitability functions|bayesian networks|integrated modeling framework
189,WOS:000419225500075,2017,Use and Utility: Exploring the Diversity and Design of Water Models at the Science-Policy Interface,"Chong, Natalie|Bach, Peter M.|Moilleron, Regis|Bonhomme, Celine|Deroubaix, Jose-Frederic",WATER,boundary organisation|environmental decision-making|integrated modelling|knowledge brokering|model usability|strategic planning
190,WOS:000364274400019,2015,Integrating modelling and smart sensors for environmental and human health,"Reis, Stefan|Seto, Edmund|Northcross, Amanda|Quinn, Nigel W. T.|Convertino, Matteo|Jones, Rod L.|Maier, Holger R.|Schlink, Uwe|Steinle, Susanne|Vieno, Massimo|Wimberly, Michael C.",ENVIRONMENTAL MODELLING & SOFTWARE,integrated modelling|environmental sensors|population health|environmental health|big data
191,WOS:000331798800044,2014,Study of the effect of wind speed on evaporation from soil through integrated modeling of the atmospheric boundary layer and shallow subsurface,"Davarzani, Hossein|Smits, Kathleen|Tolene, Ryan M.|Illangasekare, Tissa",WATER RESOURCES RESEARCH,evaporation|drying|porous media|two-phase flow|nonequilibrium|phase change
192,WOS:000354503300027,2015,A refined regional modeling approach for the Corn Belt - Experiences and recommendations for large-scale integrated modeling,"Panagopoulos, Yiannis|Gassman, Philip W.|Jha, Manoj K.|Kling, Catherine L.|Campbell, Todd|Srinivasan, Raghavan|White, Michael|Arnold, Jeffrey G.",JOURNAL OF HYDROLOGY,corn belt|large-scale calibration|nonpoint source pollution|refined modeling|swat
193,WOS:000388779600002,2016,The MILESTONES modeling framework: An integrated analysis of national bioenergy strategies and their global environmental impacts,"Thraen, Daniela|Schaldach, Ruediger|Millinger, Markus|Wolf, Verena|Arendt, Oliver|Ponitka, Jens|Gaertner, Sven|Rettenmaier, Nils|Hennenberg, Klaus|Schuengel, Jan",ENVIRONMENTAL MODELLING & SOFTWARE,bioenergy scenarios|model framework|integrated assessment|environmental impacts|land-use change
194,WOS:000412840100007,2017,Assessing and selecting interventions for river water quality improvement within the context of population growth and urbanization: a case study of the Cau River basin in Vietnam,"Pham Thi Thu Ha, |Kokutse, Nomessi|Duchesne, Sophie|Villeneuve, Jean-Pierre|Belanger, Alain|Ha Ngoc Hien, |Toumbou, Babacar|Duong Ngoc Bach, ",ENVIRONMENT DEVELOPMENT AND SUSTAINABILITY,multi-criteria methodology|water quality|integrated watershed management|gibsi|scenario analysis|cau river basin
195,WOS:000349803000001,2015,Integrated modelling for the discharge of brine from desalination plants into coastal waters,"Nikiforakis, I. K.|Stamou, A. I.",DESALINATION AND WATER TREATMENT,hydrodynamics|numerical modelling|desalination|environmental impact|brine
196,WOS:000356814300005,2015,"Modeling Megacity Drinking Water Security under a DSS Framework in a Tidal River at the North Pearl River Delta, China","Xiao, Dacheng|Jia, Haifeng|Wang, Zheng",JOURNAL OF THE AMERICAN WATER RESOURCES ASSOCIATION,decision support system|hydrodynamic and water quality simulation|drinking water security|scenario analysis|tidal river|efdc|wasp
197,WOS:000414208000006,2017,"Spatially explicit return on investment to private forest conservation for water purification in Indiana, USA","Wang, Yangyang|Atallah, Shady|Shao, Guofan",ECOSYSTEM SERVICES,spatial analysis of ecosystem services|private forest conservation|ecosystem accounting|nutrient retention service|invest nutrient retention model|conservation return on investment
198,WOS:000385902000026,2016,Impacts of combined sewer overflows on a large urban river - Understanding the effect of different management strategies,"Riechel, Mathias|Matzinger, Andreas|Pawlowsky-Reusing, Erika|Sonnenberg, Hauke|Uldack, Mathias|Heinzmann, Bernd|Caradot, Nicolas|von Seggern, Doerthe|Rouault, Pascale",WATER RESEARCH,cso|dissolved oxygen|impact assessment|integrated modelling|mitigation measures|river spree
199,WOS:000419539900025,2017,A MODIFIED GIS-BASED WATER-SEDIMENT-ADSORBED PHOSPHORUS COUPLING MODEL AND ITS APPLICATION IN A TYPICAL WATERSHED OF SEMIARID REGIONS,"Wu, Lei|Qiao, Shanshan|Liu, Xia",FRESENIUS ENVIRONMENTAL BULLETIN,modified dynamic model|water-sediment-adsorbed nps pollution|distributed coupling effects|soil and water conservation|loess plateau
200,WOS:000401375800006,2017,"Evaluation of DRAINMOD-DSSAT simulated effects of controlled drainage on crop yield, water balance, and water quality for a corn-soybean cropping system in central Iowa","Negm, Lamyaa M.|Youssef, Mohamed A.|Jaynes, Dan B.",AGRICULTURAL WATER MANAGEMENT,controlled drainage|drainmod-dssat|integrated modeling|crop production|water quality
201,WOS:000379366300031,2016,Assessing and Enhancing Environmental Sustainability: A Conceptual Review,"Little, John C.|Hester, Erich T.|Carey, Cayelan C.",ENVIRONMENTAL SCIENCE & TECHNOLOGY,
202,WOS:000381169400013,2016,Water quality permitting: From end-of-pipe to operational strategies,"Meng, Fanlin|Fu, Guangtao|Butler, David",WATER RESEARCH,integrated modelling|multi-objective optimisation|stakeholder engagement|urban wastewater system|water quality permitting
203,WOS:000329831800006,2014,Echoes from the Past: A Healthy Baltic Sea Requires More Effort,"Kotilainen, Aarno T.|Arppe, Laura|Dobosz, Slawomir|Jansen, Eystein|Kabel, Karoline|Karhu, Juha|Kotilainen, Mia M.|Kuijpers, Antoon|Lougheed, Bryan C.|Meier, H. E. Markus|Moros, Matthias|Neumann, Thomas|Porsche, Christian|Poulsen, Niels|Rasmussen, Peter|Ribeiro, Sofia|Risebrobakken, Bjorg|Ryabchuk, Daria|Schimanke, Semjon|Snowball, Ian|Spiridonov, Mikhail|Virtasalo, Joonas J.|Weckstrom, Kaarina|Witkowski, Andrzej|Zhamoida, Vladimir",AMBIO,baltic sea|climate change|holocene|inflow|multiproxy analyses|modeling
204,WOS:000405866700002,2017,Coupling biophysical processes and water rights to simulate spatially distributed water use in an intensively managed hydrologic system,"Han, Bangshuai|Benner, Shawn G.|Bolte, John P.|Vache, Kellie B.|Flores, Alejandro N.",HYDROLOGY AND EARTH SYSTEM SCIENCES,
205,WOS:000357340500070,2015,A modeling approach for agricultural water management in citrus orchards: cost-effective irrigation scheduling and agrochemical transport simulation,"Kourgialas, Nektarios N.|Karatzas, George P.",ENVIRONMENTAL MONITORING AND ASSESSMENT,agroecosystem|groundwater|integrated modeling systems|monitoring water resources|vadose zone|water economy
206,WOS:000410535400364,2015,"Investigating environmental watering options using Source IMS: a case study - the River Murray, Australia","Alam, Md Jahangir|Korn, Alistair|Hardy, Matthew|Weber, T|McPhee, MJ|Anderssen, RS",21ST INTERNATIONAL CONGRESS ON MODELLING AND SIMULATION (MODSIM2015),environmental flow|water sharing|river operation|source ims|murray-darling basin
207,WOS:000394904700006,2017,Integrated modeling in urban hydrology: reviewing the role of monitoring technology in overcoming the issue of 'big data' requirements,"Hutchins, Michael G.|McGrane, Scott J.|Miller, James D.|Hagen-Zanker, Alex|Kjeldsen, Thomas R.|Dadson, Simon J.|Rowland, Clare S.",WILEY INTERDISCIPLINARY REVIEWS-WATER,
208,WOS:000368828800009,2016,Incorporating Potential Severity into Vulnerability Assessment of Water Supply Systems under Climate Change Conditions,"Goharian, Erfan|Burian, Steven J.|Bardsley, Tim|Strong, Courtenay",JOURNAL OF WATER RESOURCES PLANNING AND MANAGEMENT,climate change impacts|hydrologic modeling|water system analysis|vulnerability
209,WOS:000413380000010,2017,Food and water security: Analysis of integrated modeling platforms,"McNeill, Kelsie|Macdonald, Kiera|Singh, Ashutosh|Binns, Andrew D.",AGRICULTURAL WATER MANAGEMENT,global food security|water availability|climate change|hydrological models|spatial resolution
210,WOS:000398996206111,2015,"MANAGING FLOOD RISK IN COASTAL CITIES THROUGH AN INTEGRATED MODELLING FRAMEWORK SUPPORTING STAKEHOLDERS' INVOLVEMENT: THE CASE OF RETHYMNO, CRETE","Makropoulos, C.|Tsoukala, V.|Belibassakis, K.|Lykou, A.|Chondros, M.|Gourgoura, P.|Nikolopoulos, D.|Mynett, A",PROCEEDINGS OF THE 36TH IAHR WORLD CONGRESS,extreme hydro-meteorological events|flood risk|active stakeholder participation|rethymno
211,WOS:000354547700003,2015,Integrated Modeling Approach to the Response of Soil Erosion and Sediment Export to Land-Use Change at the Basin Scale,"Yang, Huicai|Wang, Guoqiang|Jiang, Hong|Fang, Huaiyang|Ishidaira, Hiroshi",JOURNAL OF HYDROLOGIC ENGINEERING,soil erosion|land use|rainfall|simulation|sediment transport|soil erosion|land-use change|rainfall simulation|yamanashi hydrological model
212,WOS:000357968700015,2014,Where does blue water go in the semi-arid area of northern China under changing environments?,"Ren, Liliang|Yuan, Fei|Yong, Bin|Jiang, Shanhu|Yang, Xiaoli|Gong, Luyan|Ma, Mingwei|Liu, Yi|Shen, Hongren|Castellarin, A|Ceola, S|Toth, E|Montanari, A","EVOLVING WATER RESOURCES SYSTEMS: UNDERSTANDING, PREDICTING AND MANAGING WATER-SOCIETY INTERACTIONS",runoff|evapotranspiration|blue water|green water|land use and cover changes|water balance
213,WOS:000398871100049,2017,Integrated surface-subsurface model to investigate the role of groundwater in headwater catchment runoff generation: A minimalist approach to parameterisation,"Ala-aho, Pertti|Soulsby, Chris|Wang, Hailong|Tetzlaff, Doerthe",JOURNAL OF HYDROLOGY,integrated modelling|streamflow generation|groundwater|catchment modelling|model calibration
214,WOS:000356548800011,2015,A geoprocessing workflow system for environmental monitoring and integrated modelling,"Yue, Peng|Zhang, Mingda|Tan, Zhenyu",ENVIRONMENTAL MODELLING & SOFTWARE,geoprocessing workflow|geospatial services|integrated modelling|event|openmi|gis
215,WOS:000378954000021,2016,A Reduced Parameter Stream Temperature Model (RPSTM) for basin-wide simulations,"Cheng, Su-Ting|Wiley, Michael J.",ENVIRONMENTAL MODELLING & SOFTWARE,stream/water temperature modeling|integrated modeling|energy/heat balance|climate change|hydrology|muskegon river
216,WOS:000360537700027,2015,Assessment of geo-hazards in a rapidly changing landscape: the three Gorges Reservoir Region in China,"Strehmel, Alexander|Schoenbrodt-Stitt, Sarah|Buzzo, Giovanni|Dumperth, Christian|Stumpf, Felix|Zimmermann, Karsten|Bieger, Katrin|Behrens, Thorsten|Schmidt, Karsten|Bi, Renneng|Rohn, Joachim|Hill, Joachim|Udelhoven, Thomas|Xiang, Wei|Shi, Xuezheng|Cai, Qinghua|Jiang, Tong|Fohrer, Nicola|Scholten, Thomas",ENVIRONMENTAL EARTH SCIENCES,three gorges reservoir region|land-use change|soil erosion|landslides|diffuse matter inputs|integrated modeling
217,WOS:000385712400011,2016,Quantifying peat carbon accumulation in Alaska using a process-based biogeochemistry model,"Wang, Sirui|Zhuang, Qianlai|Yu, Zicheng|Bridgham, Scott|Keller, Jason K.",JOURNAL OF GEOPHYSICAL RESEARCH-BIOGEOSCIENCES,
218,WOS:000403739000034,2017,Harmonizing human-hydrological system under climate change: A scenario-based approach for the case of the headwaters of the Tagus River,"Lobanova, Anastasia|Liersch, Stefan|Tabara, J. David|Koch, Hagen|Hattermann, Fred F.|Krysanova, Valentina",JOURNAL OF HYDROLOGY,hydrological modelling|reservoir management|tagus segura water transfer|human-hydrological systems|water resources allocation|climate change
219,WOS:000424994700004,2017,The H2020 FREEWAT participated approach for the Follonica-Scarlino aquifer case study. A common space to generate shared knowledge on the value of water,"Positano, Pio|Nannucci, Marco",ACQUE SOTTERRANEE-ITALIAN JOURNAL OF GROUNDWATER,follonica|scarlino|numerical modeling|participatory approach|swot analysis
220,WOS:000342632000027,2014,Systematic assessment of the uncertainty in integrated surface water-groundwater modeling based on the probabilistic collocation method,"Wu, Bin|Zheng, Yi|Tian, Yong|Wu, Xin|Yao, Yingying|Han, Feng|Liu, Jie|Zheng, Chunmiao",WATER RESOURCES RESEARCH,
221,WOS:000351843400059,2015,Economic Impacts of Total Water Use Control in the Heihe River Basin in Northwestern China-An Integrated CGE-BEM Modeling Approach,"Li, Na|Wang, Xiaojun|Shi, Minjun|Yang, Hong",SUSTAINABILITY,
222,WOS:000389785300005,2017,An overview of the model integration process: From pre-integration assessment to testing,"Belete, Getachew F.|Voinov, Alexey|Laniak, Gerard F.",ENVIRONMENTAL MODELLING & SOFTWARE,integrated modeling|interoperability|interfaces|wrapping|components|web services
223,WOS:000337672900027,2014,Development of an integrated modeling approach for identifying multilevel non-point-source priority management areas at the watershed scale,"Chen, Lei|Zhong, Yucen|Wei, Guoyuan|Cai, Yanpeng|Shen, Zhenyao",WATER RESOURCES RESEARCH,
224,WOS:000373939100262,2015,Multiobjective Design Optimization in the Lightweight Dataflow for DDDAS Environment (LiD4E),"Sudusinghe, Kishan|Jiao, Yang|Ben Salem, Haifa|van der Schaar, Mihaela|Bhattacharyya, Shuvra S.|Koziel, S|Leifsson, L|Lees, M|Krzhizhanovskaya, VV|Dongarra, J|Sloot, PMA","INTERNATIONAL CONFERENCE ON COMPUTATIONAL SCIENCE, ICCS 2015 COMPUTATIONAL SCIENCE AT THE GATES OF NATURE",dataflow|dddas|model-based design|stream mining|machine learning
225,WOS:000334443600004,2014,"Road traffic impact on urban water quality: a step towards integrated traffic, air and stormwater modelling","Shorshani, Masoud Fallah|Bonhomme, Celine|Petrucci, Guido|Andre, Michel|Seigneur, Christian",ENVIRONMENTAL SCIENCE AND POLLUTION RESEARCH,integrated modelling|stormwater|traffic|emissions|air pollution|water quality
226,WOS:000414818700049,2017,Modelling transitions in urban water systems,"Rauch, W.|Urich, C.|Bach, P. M.|Rogers, B. C.|de Haan, F. J.|Brown, R. R.|Mair, M.|McCarthy, D. T.|Kleidorfer, M.|Sitzenfrei, R.|Deletic, A.",WATER RESEARCH,integrated modelling|transition|urban drainage|urban water management|exploratory modelling|flexible design
227,WOS:000328324200005,2014,Assessment of the ability to meet environmental water requirements in the Upper South East of South Australia,"Gibbs, M. S.|Dandy, G. C.|Maier, H. R.",STOCHASTIC ENVIRONMENTAL RESEARCH AND RISK ASSESSMENT,rainfall-runoff modelling|salinity|uncertainty|water quality|water resources management
228,WOS:000418736000015,2017,Interaction Between Ecohydrologic Dynamics and Microtopographic Variability Under Climate Change,"Le, Phong V. V.|Kumar, Praveen",WATER RESOURCES RESEARCH,
229,WOS:000375826700002,2016,MODELING NUTRIENT AND HEAVY METAL TRANSPORT AT SELECTED CATCHMENTS IN THE MARMARA REGION,"Akdogan, Zeynep|Guven, Basak|Balcioglu, Isil",FRESENIUS ENVIRONMENTAL BULLETIN,catchment hydrology|contaminant transport|modeling|nutrient loss|heavy metal distribution|swmm
230,WOS:000356814300006,2015,"Integrated Modeling of Water Supply and Demand under Management Options and Climate Change Scenarios in Chifeng City, China","Hao, Lu|Sun, Ge|Liu, Yongqiang|Qian, Hong",JOURNAL OF THE AMERICAN WATER RESOURCES ASSOCIATION,climate change|hydrological modeling|water demand and supply|integrated water management
231,WOS:000405216400006,2017,Integrated Modeling of Surface-Subsurface Processes to Understand River-Floodplain Hydrodynamics in the Upper Wabash River Basin,"Saksena, Siddharth|Merwade, Venkatesh|Dunn, CN|VanWeele, B","WORLD ENVIRONMENTAL AND WATER RESOURCES CONGRESS 2017: INTERNATIONAL PERSPECTIVES, HISTORY AND HERITAGE, EMERGING TECHNOLOGIES, AND STUDENT PAPERS",
232,WOS:000330602100044,2014,"Occupant exposure to indoor air pollutants in modern European offices: An integrated modelling approach (vol 82, pg 9, 2014)","Terry, Andrew C.|Carslaw, Nicola|Ashmore, Mike|Dimitroulopoulou, Sani|Carslaw, David C.",ATMOSPHERIC ENVIRONMENT,
233,WOS:000408788100003,2017,Energy and carbon performance evaluation for buildings and urban precincts: review and a new modelling concept,"Huang, Bin|Xing, Ke|Pullen, Stephen",JOURNAL OF CLEANER PRODUCTION,buildings|integrated modelling|life cycle energy|systems thinking|urban precincts
234,WOS:000401110400008,2017,A service-oriented architecture for coupling web service models using the Basic Model Interface (BMI),"Jiang, Peishi|Elag, Mostafa|Kumar, Praveen|Peckham, Scott Dale|Marini, Luigi|Rui, Liu",ENVIRONMENTAL MODELLING & SOFTWARE,integrated modeling|service-oriented architecture|the basic model interface|emeli-web
235,WOS:000353243300010,2015,Multimodel Ecologies Cultivating Model Ecosystems in Industrial Ecology,"Bollinger, L. Andrew|Nikolic, Igor|Davis, Chris B.|Dijkema, Gerard P. J.",JOURNAL OF INDUSTRIAL ECOLOGY,simulation|complexity|evolutionary models|reuse|industrial ecology|integrated modeling
236,WOS:000370885000006,2016,"Integrated urban hydrologic and hydraulic modelling in Chicago, Illinois","Zhu, Zhenduo|Oberg, Nils|Morales, Viviana M.|Quijano, Juan C.|Landry, Blake J.|Garcia, Marcelo H.",ENVIRONMENTAL MODELLING & SOFTWARE,openmi|efdc|urban hydrological and hydraulic modelling
237,WOS:000386681600006,2016,Assessment of greenhouse CO2 emissions associated with the cement manufacturing process,"Abdul-Wahab, Sabah A.|Al-Rawas, Ghazi A.|Ali, Sappurd|Al-Dhamri, Hilal",ENVIRONMENTAL FORENSICS,carbon dioxide|cement plant|calpuff|wrf|emission factors
238,WOS:000417229100013,2017,Using river microalgae as indicators for freshwater biomonitoring: Review of published research and future directions,"Wu, Naicheng|Dong, Xuhui|Liu, Yang|Wang, Chao|Baattrup-Pedersen, Annette|Riis, Tenna",ECOLOGICAL INDICATORS,riverine microalgae|lotic ecosystem functions|trait-based biomonitoring|multiple stressors|global change
239,WOS:000417183900020,2017,Integrated models to support multiobjective ecological restoration decisions,"Fraser, Hannah|Rumpff, Libby|Yen, Jian D. L.|Robinson, Doug|Wintle, Brendan A.",CONSERVATION BIOLOGY,bayesian network|multicriteria decision analysis|species distribution models|state-and-transition model|trade-offs
240,WOS:000377862900013,2016,Adaptation of water resource systems to an uncertain future,"Walsh, Claire L.|Blenkinsop, Stephen|Fowler, Hayley J.|Burton, Aidan|Dawson, Richard J.|Glenis, Vassilis|Manning, Lucy J.|Jahanshahi, Golnaz|Kilsby, Chris G.",HYDROLOGY AND EARTH SYSTEM SCIENCES,
241,WOS:000365309400010,2015,An integrated model for structure optimization and technology screening of urban wastewater systems,"Huang, Yue|Dong, Xin|Zeng, Siyu|Chen, Jining",FRONTIERS OF ENVIRONMENTAL SCIENCE & ENGINEERING,urban wastewater system|integrated modeling|multi-objective optimization|non-dominated sorting genetic algorithm (nsga-ii)
242,WOS:000393669800006,2017,A biology-driven receptor model for daily pollen allergy risk in Korea based on Weibull probability density function,"Kim, Kyu Rang|Kim, Mijin|Choe, Ho-Seong|Han, Mae Ja|Lee, Hye-Rim|Oh, Jae-Won|Kim, Baek-Jo",INTERNATIONAL JOURNAL OF BIOMETEOROLOGY,pollen|allergy|concentration|risk warning|weibull pdf
243,WOS:000361189800047,2015,Environmental impacts of innovative dairy farming systems aiming at improved internal nutrient cycling: A multi-scale assessment,"de Vries, W.|Kros, J.|Dolman, M. A.|Vellinga, Th. V.|de Boer, H. C.|Gerritsen, A. L.|Sonneveld, M. P. W.|Bouma, J.",SCIENCE OF THE TOTAL ENVIRONMENT,dairy farms|nutrient cycle|life cycle assessment|landscape model|global warming potential|eutrophication potential|acidification potential
244,WOS:000348802400013,2015,Exploring climate change vulnerability across sectors and scenarios using indicators of impacts and coping capacity,"Dunford, R.|Harrison, P. A.|Jaeger, J.|Rounsevell, M. D. A.|Tinch, R.",CLIMATIC CHANGE,
245,WOS:000403644700007,2017,Improved modelling of the freshwater provisioning ecosystem service in water scarce river basins,"Momblanch, Andrea|Paredes-Arquiola, Javier|Andreu, Joaquin",ENVIRONMENTAL MODELLING & SOFTWARE,ecosystem services|freshwater provisioning|water resources management|integrated modelling|water scarcity|aquatool
246,WOS:000335415400002,2014,Linking spatially explicit species distribution and population models to plan for the persistence of plant species under global change,"Franklin, Janet|Regan, Helen M.|Syphard, Alexandra D.",ENVIRONMENTAL CONSERVATION,biodiversity|population viability|population model|fire|california|species distribution model|rare plant species|urban growth model|land-use change|climate change
247,WOS:000414818700006,2017,Assessment of environmental impacts and operational costs of the implementation of an innovative source-separated urine treatment,"Igos, Elorri|Besson, Mathilde|Gutierrez, Tomas Navarrete|de Faria, Ana Barbara Bisinella|Benetto, Enrico|Barna, Ligia|Ahmadi, Aras|Sperandio, Mathieu",WATER RESEARCH,source-separated urine treatment|process simulation|sustainability assessment|innovative technology|integrated modelling
248,WOS:000403512500010,2017,An overview of the system dynamics process for integrated modelling of socio-ecological systems: Lessons on good modelling practice from five case studies,"Elsawah, Sondoss|Pierce, Suzanne A.|Hamilton, Serena H.|van Delden, Hedwig|Haase, Dagmar|Elmandi, Amgad|Jakeman, Anthony J.",ENVIRONMENTAL MODELLING & SOFTWARE,system dynamics|integrated assessment|integrated modelling|socio-ecological systems|modelling practices|decision support
249,WOS:000386425400008,2016,"Assessing drought threats to agricultural water supplies under climate change by combining the SWAT and MODSIM models for the Geum River basin, South Korea","Ahn, So Ra|Jeong, Jae Hak|Kim, Seong Joon",HYDROLOGICAL SCIENCES JOURNAL-JOURNAL DES SCIENCES HYDROLOGIQUES,swat|modsim|climate change|agricultural water supply capacity|water balance analysis|irrigation facilities
250,WOS:000355569100015,2015,"Hydrological projections based on the coupled hydrological-hydraulic modeling in the complex river network region: a case study in the Taihu basin, China","Liu, Liu|Xu, Zongxue",JOURNAL OF WATER AND CLIMATE CHANGE,climate change|flood|hydrological-hydraulic coupling model|taihu|urbanization
251,WOS:000366770500001,2016,Development of a visualization tool for integrated surface water-groundwater modeling,"Tian, Yong|Zheng, Yi|Zheng, Chunmiao",COMPUTERS & GEOSCIENCES,scientific visualization|gsflow|integrated surface water-groundwater modeling|heihe river basin|water resources management
252,WOS:000331916100031,2014,Integrated earth system dynamic modeling for life cycle impact assessment of ecosystem services,"Arbault, Damien|Riviere, Mylene|Rugani, Benedetto|Benetto, Enrico|Tiruta-Barna, Ligia",SCIENCE OF THE TOTAL ENVIRONMENT,life cycle impact assessment (lcia)|life cycle assessment (lca)|dynamic modeling|ecosystem services (es)|integrated modeling|global unified metamodel of the biosphere (gumbo)
253,WOS:000330463600018,2014,An Integrated Modeling Approach for Estimating the Water Quality Benefits of Conservation Practices at the River Basin Scale,"Santhi, C.|Kannan, N.|White, M.|Di Luzio, M.|Arnold, J. G.|Wang, X.|Williams, J. R.",JOURNAL OF ENVIRONMENTAL QUALITY,
254,WOS:000347274100008,2014,Towards the development of integrated modelling systems in aquatic biogeochemistry: a Bayesian approach,"Kim, Dong-Kyun|Zhang, Weitao|Hiriart-Baer, Veronique|Wellen, Christopher|Long, Tanya|Boyd, Duncan|Arhonditsis, George B.",JOURNAL OF GREAT LAKES RESEARCH,process-based modelling|eutrophication|bayesian inference|retrospective analysis|water quality criteria|decision making
255,WOS:000403512500013,2017,"The rocky road to extended simulation frameworks covering uncertainty, inversion, optimization and control","Wirtz, Daniel|Nowak, Wolfgang",ENVIRONMENTAL MODELLING & SOFTWARE,scientific computing|extended software frameworks|no free lunch|reproducibility|software trust
256,WOS:000351978500013,2015,"Integrated modeling of aerosol, cloud, precipitation and land processes at satellite-resolved scales","Peters-Lidard, Christa D.|Kemp, Eric M.|Matsui, Toshihisa|Santanello, Joseph A.|Kumar, Sujay V.|Jacob, Jossy P.|Clune, Thomas|Tao, Wei-Kuo|Chin, Mian|Hou, Arthur|Case, Jonathan L.|Kim, Dongchul|Kim, Kyu-Myong|Lau, William|Liu, Yuqiong|Shi, Jainn|Starr, David|Tan, Qian|Tao, Zhining|Zaitchik, Benjamin F.|Zavodsky, Bradley|Zhang, Sara Q.|Zupanski, Milija",ENVIRONMENTAL MODELLING & SOFTWARE,earth system modeling|aerosols|clouds|precipitation|land surface modeling|satellites|high performance computing|frameworks|interoperability|earth system studies
257,WOS:000366133100005,2015,Implications of water policy reforms for agricultural productivity in South Africa: Scenario analysis based on the Olifants river basin,"Thiam, Djiby Racine|Muchapondwa, Edwin|Kirsten, Johann|Bourblanc, Magalie",WATER RESOURCES AND ECONOMICS,water policy|south africa|olifants river basin|agriculture|water rights|integrated modeling approach
258,WOS:000407358500014,2016,"Comparative evaluation of the effects of climate and land-cover changes on hydrologic responses of the Muskeg River, Alberta, Canada","Eum, Hyung-Il|Dibike, Yonas|Prowse, Terry",JOURNAL OF HYDROLOGY-REGIONAL STUDIES,land-cover|climate change|hydrologic regime|muskeg river basin|vic model
259,WOS:000357968600057,2014,Selecting an optimal climatic dataset for integrated modelling of the Ebro hydrosystem,"Dezetter, A.|Fabre, J.|Ruelland, D.|Servat, E.|Daniell, TM|VanLanen, HAJ|Demuth, S|Laaha, G|Servat, E|Mahe, G|Boyer, JF|Paturel, JM|Dezetter, A|Ruelland, D",HYDROLOGY IN A CHANGING WORLD: ENVIRONMENTAL AND HUMAN DIMENSIONS,climatic datasets|interpolation|rainfall-runoff modelling|ebro basin|hydro-system modelling|selection method
260,WOS:000370832200002,2016,Integrated modelling and optimisation of irrigation systems at the field and catchment scale with limited water resources,"Schuetze, Niels|Stange, Peter|Griessbach, Ulrike|Roehm, Patric|Wagner, Michael",HYDROLOGIE UND WASSERBEWIRTSCHAFTUNG,integrated modelling|irrigation|safe yields|saphir|stochastic methods|water demand|water productivity
261,WOS:000367105900005,2016,A Bayesian belief network modelling of household factors influencing the risk of malaria: A study of parasitaemia in children under five years of age in sub-Saharan Africa,"Semakula, Henry Musoke|Song, Guobao|Achuu, Simon Peter|Zhang, Shushen",ENVIRONMENTAL MODELLING & SOFTWARE,malaria parasitaemia|bayesian belief network|household factors|children|sub-saharan africa
262,WOS:000361906900022,2015,Using a Model MAP to prepare hydro-meteorological models for generic use,"Harpham, Quillon",ENVIRONMENTAL MODELLING & SOFTWARE,environmental modeling|hydro-meteorology|model integration|metadata|standards
263,WOS:000334068000012,2014,Groundwater-fed irrigation impacts spatially distributed temporal scaling behavior of the natural system: a spatio-temporal framework for understanding water management impacts,"Condon, Laura E.|Maxwell, Reed M.",ENVIRONMENTAL RESEARCH LETTERS,water management|integrated modeling|scaling|temporal dynamics
264,WOS:000404816000046,2017,Metal-fluxes characterization at a catchment scale: Study of mixing processes and end-member analysis in the Meca River watershed (SW Spain),"Canovas, C. R.|Macias, F.|Olias, M.|Perez Lopez, R.|Nieto, J. M.",JOURNAL OF HYDROLOGY,emma|mix|elemental ratios|flood events|particulate and dissolved metal transport
265,WOS:000358990300036,2015,The Generation of Runoff Through Ephemeral Streams,"Doglioni, Angelo|Galeandro, Annalisa|Simeone, Vincenzo|Lollino, G|Arattano, M|Rinaldi, M|Giustolisi, O|Marechal, JC|Grant, GE","ENGINEERING GEOLOGY FOR SOCIETY AND TERRITORY, VOL 3: RIVER BASINS, RESERVOIR SEDIMENTATION AND WATER RESOURCES",ephemeral streams|karst areas|hydrograph|iuh|flood integrated modeling
266,WOS:000403644700009,2017,Designing the Distributed Model Integration Framework - DMIF,"Belete, Getachew F.|Voinov, Alexey|Morales, Javier",ENVIRONMENTAL MODELLING & SOFTWARE,integrated modeling|web services|wrapping|service oriented architecture|semantic mediation
267,WOS:000329561100015,2014,An automated multi-step calibration procedure for a river system model,"Hughes, J. D.|Dutta, D.|Vaze, J.|Kim, S. S. H.|Podger, G.",ENVIRONMENTAL MODELLING & SOFTWARE,large river basin|irrigation|unaccounted gains|unaccounted loss|loss function|calibration|routing|floodplain|irrigation
268,WOS:000365376400036,2016,Optimizing conjunctive use of surface water and groundwater for irrigation to address human-nature water conflicts: A surrogate modeling approach,"Wu, Xin|Zheng, Yi|Wu, Bin|Tian, Yong|Han, Feng|Zheng, Chunmiao",AGRICULTURAL WATER MANAGEMENT,irrigation|water diversion|integrated surface water-groundwater modeling|surrogate modeling|optimization|heihe river basin
269,WOS:000399967900012,2017,Air Quality Management in Tehran Using a Multi-Dimensional Decision Support System,"Ghodousi, Mehran|Atabi, Farideh|Nouri, Jafar|Gharagozlou, Alireza",POLISH JOURNAL OF ENVIRONMENTAL STUDIES,decision support system|air quality management|robust strategy|pollution predicting
270,WOS:000443720300001,2014,Toward a theoretical framework for integrated modeling of hydrological change,"Ceola, Serena|Montanari, Alberto|Koutsoyiannis, Demetris",WILEY INTERDISCIPLINARY REVIEWS-WATER,
271,WOS:000349429800018,2015,Integrated assessment and modelling: Overview and synthesis of salient dimensions,"Hamilton, Serena H.|ElSawah, Sondoss|Guillaume, Joseph H. A.|Jakeman, Anthony J.|Pierce, Suzanne A.",ENVIRONMENTAL MODELLING & SOFTWARE,integration|integrated assessment|dimensions|integrated models|environmental modelling|integrated modeling
272,WOS:000370454200004,2016,Impacts of Groundwater Constraints on Saudi Arabia's Low-Carbon Electricity Supply Strategy,"Parkinson, Simon C.|Djilali, Ned|Krey, Volker|Fricko, Oliver|Johnson, Nils|Khan, Zarrar|Sedraoui, Khaled|Almasoud, Abdulrahman H.",ENVIRONMENTAL SCIENCE & TECHNOLOGY,
